dim,n,case_name,note,total_dist,misplaced,basic_lb,strong_lb,parity,exact_status,exact_steps,exact_expanded,exact_states,exact_sec,exact_path_valid,beam_status,beam_steps,beam_expanded,beam_states,beam_sec,beam_path_valid,beam_gap_vs_exact,batcher_success,batcher_swaps,batcher_compares,batcher_rounds,batcher_sec,batcher_path_valid,batcher_gap_vs_exact,state_perm,beam_path,batcher_path
4,16,"q4_case1","custom case from custom_qk_cases.csv:8",26,12,13,14,0,solved,14,15,432,0.002712,1,solved,14,72391,72392,0.065325,1,0,1,40,80,10,0.000006,1,26,"15 0 10 4 3 11 1 7 8 5 6 2 12 9 14 13","0-1 1-5 5-13 13-15 2-10 1-3 3-11 2-6 1-5 4-5 2-3 1-9 1-5 1-3","0-1 6-7 8-9 12-13 1-3 4-6 9-11 12-14 13-15 4-5 8-9 14-15 2-6 3-7 8-12 9-13 10-14 11-15 1-3 4-6 12-14 13-15 4-5 12-13 14-15 5-13 6-14 7-15 3-7 8-12 9-13 10-14 4-6 5-7 9-11 12-14 2-3 4-5 6-7 10-11"
4,16,"q4_case2","custom case from custom_qk_cases.csv:9",32,12,16,16,0,solved,18,1161,32606,0.027117,1,solved,18,103262,103263,0.075654,1,0,1,34,80,10,0.000004,1,16,"0 8 1 12 2 5 9 14 4 6 10 7 3 11 13 15","8-12 4-6 4-12 9-13 3-11 9-11 8-9 8-12 1-9 8-9 3-7 2-3 1-3 12-13 12-14 12-13 2-6 6-14","2-3 6-7 14-15 1-3 4-6 5-7 12-14 13-15 2-3 6-7 10-11 14-15 2-6 3-7 8-12 9-13 10-14 4-6 12-14 2-3 6-7 4-12 5-13 6-14 7-15 3-7 8-12 9-13 4-6 5-7 12-14 6-7 10-11 14-15"
4,16,"q4_case3","custom case from custom_qk_cases.csv:10",32,16,16,17,1,solved,17,1066,28762,0.023722,1,solved,17,91456,91457,0.059052,1,0,1,37,80,10,0.000004,1,20,"1 5 0 8 9 11 2 15 3 12 4 6 10 14 13 7","7-15 12-14 12-13 10-14 1-5 1-3 0-1 12-14 3-11 0-4 0-8 0-2 2-3 2-6 8-9 4-12 8-12","2-3 6-7 10-11 1-3 4-6 9-11 12-14 0-1 2-3 12-13 3-7 8-12 9-13 10-14 4-6 5-7 12-14 13-15 2-3 4-5 6-7 10-11 12-13 14-15 4-12 5-13 6-14 7-15 3-7 8-12 9-13 10-14 4-6 5-7 12-14 6-7 10-11"
4,16,"q4_case4","custom case from custom_qk_cases.csv:11",36,16,18,18,0,solved,18,749,20721,0.014715,1,solved,18,102378,102379,0.072385,1,0,1,40,80,10,0.000003,1,22,"1 9 0 4 10 8 2 11 3 15 5 12 7 14 13 6","12-13 5-13 9-13 8-9 1-9 1-3 0-1 0-4 0-2 2-10 2-6 7-15 6-7 5-7 11-15 12-14 13-15 12-13","2-3 4-5 6-7 10-11 1-3 4-6 9-11 12-14 0-1 12-13 3-7 8-12 9-13 4-6 5-7 9-11 12-14 13-15 2-3 6-7 8-9 10-11 14-15 4-12 5-13 6-14 7-15 3-7 8-12 9-13 10-14 11-15 4-6 5-7 12-14 13-15 4-5 6-7 12-13 14-15"
4,16,"q4_case5","custom case from custom_qk_cases.csv:12",32,14,16,16,0,solved,18,953,25128,0.017870,1,solved,18,97820,97821,0.062536,1,0,1,34,80,10,0.000004,1,16,"3 1 7 13 11 0 8 15 2 5 10 6 9 14 12 4","12-13 12-14 7-15 5-7 4-5 9-13 3-7 2-3 0-2 5-7 5-13 3-7 3-11 2-3 2-6 8-10 2-10 8-10","0-1 2-3 4-5 6-7 4-6 12-14 2-3 6-7 10-11 12-13 3-7 8-12 9-13 10-14 1-3 4-6 12-14 0-1 2-3 6-7 10-11 14-15 4-12 5-13 6-14 7-15 3-7 8-12 9-13 4-6 9-11 12-14 2-3 12-13"
4,16,"q4_case6","custom case from custom_qk_cases.csv:13",30,15,15,15,1,solved,19,33201,753814,1.086399,1,solved,19,107045,107046,0.102042,1,0,1,41,80,10,0.000015,1,22,"3 1 11 7 8 0 9 5 2 6 15 13 14 4 10 12","8-10 2-10 9-11 10-11 10-14 6-14 12-14 12-13 9-13 0-4 4-5 5-7 3-7 0-4 4-12 8-12 13-15 12-13 13-15","0-1 4-5 12-13 14-15 4-6 12-14 2-3 6-7 10-11 12-13 14-15 2-6 3-7 8-12 9-13 1-3 4-6 9-11 12-14 0-1 2-3 8-9 14-15 5-13 6-14 7-15 3-7 8-12 9-13 10-14 11-15 4-6 5-7 8-10 12-14 13-15 2-3 6-7 8-9 12-13 14-15"
4,16,"q4_case7","custom case from custom_qk_cases.csv:14",28,14,14,14,0,solved,16,961,23663,0.022895,1,solved,16,86251,86252,0.087081,1,0,1,40,80,10,0.000008,1,24,"3 5 11 1 8 0 9 7 2 6 14 13 10 4 12 15","1-5 0-1 1-3 9-11 6-14 12-14 12-13 9-13 4-12 8-10 2-10 10-11 10-14 8-12 6-14 12-14","4-5 12-13 14-15 1-3 4-6 12-14 13-15 0-1 2-3 6-7 10-11 14-15 3-7 8-12 9-13 1-3 4-6 9-11 12-14 0-1 2-3 14-15 5-13 6-14 7-15 3-7 8-12 9-13 10-14 11-15 4-6 5-7 8-10 12-14 13-15 2-3 6-7 8-9 12-13 14-15"
4,16,"q4_case8","custom case from custom_qk_cases.csv:15",8,2,4,5,1,solved,7,16,448,0.002740,1,solved,7,26031,26032,0.024110,1,0,1,37,80,10,0.000005,1,30,"0 1 2 3 4 5 6 8 7 9 10 11 12 13 14 15","5-7 5-13 12-13 8-12 12-13 5-13 5-7","2-3 6-7 10-11 14-15 4-6 5-7 12-14 13-15 2-3 6-7 10-11 14-15 8-12 9-13 10-14 11-15 4-6 5-7 12-14 13-15 4-5 6-7 12-13 14-15 7-15 8-12 9-13 10-14 11-15 8-10 9-11 12-14 13-15 8-9 10-11 12-13 14-15"
4,16,"q4_case9","custom case from custom_qk_cases.csv:16",30,15,15,15,1,solved,17,772,20874,0.020836,1,solved,17,90445,90446,0.086593,1,0,1,39,80,10,0.000008,1,22,"6 2 14 13 3 11 10 7 0 5 8 1 15 12 4 9","0-4 0-1 3-11 1-3 2-6 6-14 4-6 12-13 13-15 9-13 5-13 9-11 9-13 9-11 2-10 0-2 0-8","0-1 12-13 14-15 4-6 9-11 2-3 4-5 6-7 10-11 12-13 2-6 3-7 8-12 9-13 10-14 1-3 12-14 13-15 2-3 4-5 14-15 4-12 5-13 6-14 7-15 2-6 3-7 8-12 9-13 0-2 1-3 8-10 9-11 12-14 0-1 4-5 8-9 12-13 14-15"
4,16,"q4_case10","custom case from custom_qk_cases.csv:17",32,14,16,17,1,solved,19,20237,463928,0.574652,1,solved,19,105429,105430,0.085737,1,0,1,41,80,10,0.000008,1,22,"6 4 11 0 9 8 12 2 15 5 3 7 10 13 14 1","1-5 4-5 1-9 1-5 2-10 2-3 8-12 8-10 8-9 11-15 9-11 1-9 0-2 6-7 2-6 7-15 12-13 13-15 12-13","0-1 4-5 8-9 10-11 1-3 4-6 9-11 12-14 0-1 2-3 8-9 3-7 8-12 9-13 10-14 1-3 4-6 9-11 12-14 2-3 6-7 8-9 10-11 4-12 5-13 6-14 7-15 2-6 3-7 8-12 9-13 10-14 1-3 4-6 12-14 13-15 2-3 6-7 10-11 12-13 14-15"
4,16,"q4_case11","custom case from custom_qk_cases.csv:18",26,15,13,13,1,solved,15,80,2242,0.003905,1,solved,15,76020,76021,0.062460,1,0,1,37,80,10,0.000007,1,22,"13 1 14 0 9 2 15 6 12 8 11 3 4 5 7 10","2-6 6-14 6-7 4-5 5-13 0-4 4-12 2-3 0-2 9-13 12-13 8-12 3-11 11-15 10-11","0-1 4-5 8-9 14-15 1-3 4-6 9-11 12-14 13-15 0-1 2-3 6-7 8-9 14-15 2-6 3-7 8-12 4-6 8-10 9-11 12-14 2-3 4-5 6-7 8-9 12-13 14-15 4-12 5-13 6-14 7-15 3-7 8-12 4-6 9-11 6-7 8-9"
4,16,"q4_case12","custom case from custom_qk_cases.csv:19",26,13,13,14,0,solved,14,751,20130,0.017683,1,solved,14,70834,70835,0.045043,1,0,1,36,80,10,0.000004,1,22,"0 2 3 5 7 11 13 1 4 6 8 9 10 12 14 15","1-3 1-5 1-9 9-11 2-3 8-12 8-10 4-6 4-12 12-13 5-7 1-5 5-7 6-7","2-3 10-11 14-15 4-6 12-14 13-15 2-3 10-11 14-15 3-7 8-12 9-13 10-14 11-15 1-3 4-6 5-7 12-14 13-15 2-3 4-5 6-7 12-13 14-15 6-14 7-15 8-12 9-13 10-14 5-7 12-14 13-15 4-5 8-9 10-11 14-15"
4,16,"q4_case13","custom case from custom_qk_cases.csv:20",18,9,9,9,1,solved,9,21,604,0.002149,1,solved,9,38291,38292,0.024292,1,0,1,37,80,10,0.000005,1,28,"8 14 0 3 2 5 10 7 4 9 12 11 1 13 6 15","8-12 0-8 0-1 0-4 4-12 6-14 10-14 12-14 0-2","2-3 14-15 0-2 1-3 4-6 5-7 12-14 0-1 6-7 10-11 14-15 2-6 3-7 8-12 9-13 1-3 4-6 12-14 2-3 4-5 10-11 12-13 5-13 6-14 7-15 3-7 8-12 9-13 10-14 1-3 4-6 5-7 12-14 2-3 6-7 8-9 14-15"
4,16,"q4_case14","custom case from custom_qk_cases.csv:21",42,15,21,21,1,solved,21,80545,1864075,2.673576,1,solved,21,122766,122767,0.080242,1,0,1,37,80,10,0.000004,1,16,"7 14 9 6 11 0 13 2 5 15 10 12 1 4 3 8","3-7 2-3 12-13 4-12 6-14 6-7 1-5 0-1 1-3 3-7 11-15 9-11 8-9 1-9 5-13 12-13 13-15 11-15 1-5 12-14 12-13","4-5 10-11 14-15 1-3 4-6 9-11 12-14 0-1 6-7 14-15 2-6 3-7 8-12 0-2 1-3 4-6 8-10 9-11 0-1 8-9 10-11 4-12 5-13 6-14 7-15 2-6 3-7 8-12 9-13 1-3 9-11 12-14 2-3 4-5 8-9 12-13 14-15"
4,16,"q4_case15","custom case from custom_qk_cases.csv:22",18,9,9,9,1,solved,9,19,548,0.002544,1,solved,9,38196,38197,0.023514,1,0,1,39,80,10,0.000003,1,30,"1 2 4 8 0 3 5 6 7 9 10 11 12 13 14 15","1-3 0-1 0-8 6-7 5-7 0-2 2-3 3-7 0-4","2-3 6-7 10-11 14-15 4-6 5-7 12-14 13-15 2-3 6-7 10-11 14-15 2-6 3-7 8-12 9-13 10-14 11-15 1-3 4-6 12-14 13-15 0-1 2-3 12-13 14-15 7-15 8-12 9-13 10-14 11-15 8-10 9-11 12-14 13-15 8-9 10-11 12-13 14-15"
4,16,"q4_case16","custom case from custom_qk_cases.csv:23",22,10,11,12,0,solved,12,60,1750,0.003355,1,solved,12,57561,57562,0.035526,1,0,1,32,80,10,0.000003,1,20,"0 1 14 3 4 5 7 8 15 13 10 6 9 12 11 2","8-12 12-13 14-15 11-15 7-15 13-15 9-13 8-9 6-14 2-6 6-14 6-7","6-7 8-9 4-6 5-7 8-10 9-11 12-14 2-3 6-7 8-9 12-13 3-7 8-12 9-13 4-6 8-10 9-11 12-14 8-9 12-13 6-14 7-15 3-7 8-12 9-13 10-14 5-7 8-10 12-14 2-3 4-5 14-15"
4,16,"q4_case17","custom case from custom_qk_cases.csv:24",12,7,6,7,1,solved,7,18,514,0.002114,1,solved,7,24138,24139,0.016403,1,0,1,33,80,10,0.000005,1,26,"2 5 3 15 4 13 6 7 8 9 10 11 12 1 14 0","11-15 3-11 2-3 0-2 5-13 1-5 11-15","2-3 6-7 10-11 12-13 1-3 4-6 12-14 2-3 4-5 6-7 10-11 3-7 8-12 9-13 4-6 2-3 10-11 12-13 6-14 7-15 2-6 3-7 8-12 9-13 0-2 1-3 4-6 5-7 12-14 0-1 8-9 10-11 12-13"
4,16,"q4_case18","custom case from custom_qk_cases.csv:25",12,7,6,6,0,solved,6,7,187,0.002011,1,solved,6,17893,17894,0.012670,1,0,1,28,80,10,0.000003,1,22,"0 1 2 3 4 5 14 11 8 6 10 9 12 15 13 7","9-11 7-15 11-15 14-15 13-15 6-14","2-3 8-9 4-6 5-7 12-14 2-3 6-7 10-11 12-13 8-12 9-13 10-14 4-6 5-7 12-14 4-5 6-7 14-15 6-14 7-15 8-12 9-13 10-14 12-14 6-7 8-9 10-11 14-15"
4,16,"q4_case19","custom case from custom_qk_cases.csv:26",18,10,9,9,1,solved,9,10,277,0.001949,1,solved,9,37539,37540,0.024721,1,0,1,45,80,10,0.000003,1,36,"1 2 3 4 5 6 7 8 9 0 10 11 12 13 14 15","3-7 5-7 6-7 4-5 1-3 2-3 8-9 0-1 0-8","2-3 6-7 8-9 10-11 14-15 4-6 5-7 12-14 13-15 2-3 6-7 10-11 14-15 8-12 9-13 10-14 11-15 4-6 5-7 12-14 13-15 4-5 6-7 12-13 14-15 7-15 3-7 8-12 9-13 10-14 11-15 1-3 5-7 8-10 9-11 12-14 13-15 0-1 2-3 4-5 6-7 8-9 10-11 12-13 14-15"
4,16,"q4_case20","custom case from custom_qk_cases.csv:27",26,15,13,13,1,solved,15,72,2027,0.003391,1,solved,15,75899,75900,0.047805,1,0,1,39,80,10,0.000004,1,24,"11 3 9 2 7 13 15 14 8 1 4 10 0 12 6 5","0-8 8-10 10-11 2-3 1-3 1-9 6-7 6-14 7-15 5-13 4-5 5-7 0-8 4-12 0-4","0-1 8-9 10-11 1-3 4-6 5-7 9-11 12-14 0-1 6-7 10-11 12-13 14-15 3-7 8-12 9-13 4-6 5-7 9-11 12-14 2-3 4-5 6-7 3-11 4-12 5-13 6-14 7-15 2-6 3-7 8-12 0-2 1-3 8-10 9-11 0-1 4-5 6-7 10-11"
4,16,"q4_case21","custom case from custom_qk_cases.csv:28",30,15,15,15,1,solved,17,770,20813,0.015231,1,solved,17,90740,90741,0.058058,1,0,1,35,80,10,0.000004,1,18,"6 0 12 15 7 1 5 2 4 10 13 3 11 8 14 9","3-11 11-15 8-12 8-9 9-11 4-6 6-7 0-2 2-6 1-5 4-5 0-4 4-12 8-10 8-12 12-13 8-12","0-1 2-3 4-5 12-13 4-6 9-11 12-14 2-3 4-5 6-7 8-9 10-11 14-15 1-5 2-6 3-7 8-12 9-13 1-3 9-11 12-14 13-15 4-5 10-11 14-15 6-14 7-15 3-7 8-12 9-13 4-6 5-7 12-14 8-9 10-11"
4,16,"q4_case22","custom case from custom_qk_cases.csv:29",32,15,16,17,1,solved,17,2775,72251,0.057471,1,solved,17,90190,90191,0.055539,1,0,1,41,80,10,0.000004,1,24,"9 0 2 15 11 6 7 8 14 3 4 13 5 1 12 10","0-1 9-11 9-13 1-9 4-12 5-7 4-5 3-11 11-15 8-12 8-10 10-11 4-12 8-12 4-12 12-14 6-7","0-1 2-3 4-5 6-7 8-9 10-11 12-13 1-3 4-6 9-11 12-14 13-15 2-3 4-5 6-7 14-15 2-6 3-7 8-12 9-13 4-6 8-10 9-11 12-14 2-3 4-5 8-9 4-12 5-13 6-14 7-15 2-6 3-7 8-12 9-13 10-14 1-3 12-14 2-3 4-5 10-11"
4,16,"q4_case23","custom case from custom_qk_cases.csv:30",32,14,16,17,1,solved,19,20239,463980,0.515270,1,solved,19,105462,105463,0.087163,1,0,1,39,80,10,0.000006,1,20,"6 15 9 5 13 12 3 7 2 10 1 11 0 14 4 8","8-10 8-9 1-9 2-10 8-10 13-15 9-13 8-9 4-5 4-12 0-4 6-14 4-6 14-15 13-15 5-13 1-5 1-3 1-5","4-5 6-7 10-11 14-15 1-3 9-11 12-14 0-1 4-5 8-9 10-11 12-13 14-15 2-6 3-7 8-12 9-13 1-3 4-6 9-11 12-14 0-1 2-3 4-12 5-13 6-14 7-15 1-5 2-6 3-7 8-12 0-2 1-3 9-11 12-14 0-1 2-3 8-9 12-13"
4,16,"q4_case24","custom case from custom_qk_cases.csv:31",26,15,13,13,1,solved,15,72,2027,0.003620,1,solved,15,75899,75900,0.053788,1,0,1,39,80,10,0.000006,1,24,"11 3 9 2 7 13 15 14 8 1 4 10 0 12 6 5","0-8 8-10 10-11 2-3 1-3 1-9 6-7 6-14 7-15 5-13 4-5 5-7 0-8 4-12 0-4","0-1 8-9 10-11 1-3 4-6 5-7 9-11 12-14 0-1 6-7 10-11 12-13 14-15 3-7 8-12 9-13 4-6 5-7 9-11 12-14 2-3 4-5 6-7 3-11 4-12 5-13 6-14 7-15 2-6 3-7 8-12 0-2 1-3 8-10 9-11 0-1 4-5 6-7 10-11"
5,32,"q5_case1","custom case from custom_qk_cases.csv:32",80,30,40,40,0,skipped,-1,0,0,0.000000,0,solved,42,738848,738849,0.591923,1,0,1,124,240,15,0.000011,1,0,"0 2 4 12 8 20 24 25 16 5 9 26 17 11 19 23 1 6 10 28 18 13 21 27 3 14 22 29 7 30 15 31","10-11 18-26 10-26 9-13 9-11 20-22 18-22 5-21 5-13 20-21 25-27 12-28 28-29 25-29 17-19 17-25 6-14 14-30 28-30 24-25 24-28 19-23 7-15 7-23 1-3 4-12 2-6 4-6 6-7 2-3 11-27 11-15 14-15 11-27 25-27 19-27 3-19 0-8 0-16 0-1 0-8 8-12","2-3 6-7 8-9 10-11 12-13 14-15 18-19 20-21 22-23 26-27 30-31 4-6 5-7 9-11 12-14 13-15 20-22 21-23 28-30 2-3 6-7 10-11 14-15 18-19 22-23 26-27 30-31 3-7 8-12 9-13 10-14 19-23 24-28 25-29 4-6 5-7 9-11 12-14 13-15 20-22 28-30 4-5 6-7 8-9 10-11 14-15 26-27 30-31 5-13 6-14 7-15 16-24 17-25 18-26 19-27 3-7 8-12 9-13 19-23 24-28 25-29 4-6 5-7 9-11 12-14 20-22 21-23 28-30 4-5 6-7 12-13 14-15 22-23 26-27 30-31 8-24 9-25 10-26 11-27 12-28 13-29 14-30 15-31 4-12 5-13 6-14 7-15 16-24 17-25 18-26 19-27 20-28 2-6 3-7 8-12 9-13 10-14 19-23 24-28 25-29 26-30 27-31 1-3 4-6 5-7 12-14 13-15 20-22 21-23 24-26 28-30 29-31 2-3 6-7 10-11 12-13 14-15 18-19 20-21 22-23 24-25 26-27 28-29 30-31"
5,32,"q5_case2","custom case from custom_qk_cases.csv:33",78,31,39,40,0,skipped,-1,0,0,0.000000,0,solved,44,765473,765474,0.698449,1,0,1,108,240,15,0.000014,1,0,"0 2 3 5 7 11 13 17 19 23 29 31 1 4 6 8 9 10 12 14 15 16 18 20 21 22 24 25 26 27 28 30","25-29 25-27 24-28 24-26 1-3 2-3 6-14 5-13 4-5 5-7 14-15 13-15 11-15 1-5 1-17 28-29 28-30 18-22 22-30 10-14 14-30 30-31 20-21 21-29 29-31 15-31 8-9 8-12 1-9 8-9 8-10 16-17 1-17 1-9 17-19 16-17 16-20 4-20 4-12 12-14 4-20 21-23 20-21 21-23","2-3 6-7 10-11 14-15 18-19 22-23 26-27 30-31 4-6 5-7 12-14 13-15 20-22 21-23 28-30 29-31 2-3 6-7 10-11 14-15 18-19 22-23 26-27 30-31 24-28 25-29 26-30 27-31 4-6 5-7 8-10 9-11 20-22 21-23 28-30 29-31 4-5 6-7 8-9 10-11 20-21 22-23 28-29 30-31 5-13 6-14 7-15 16-24 17-25 18-26 19-27 20-28 21-29 22-30 23-31 3-7 8-12 9-13 10-14 11-15 24-28 25-29 26-30 27-31 1-3 4-6 5-7 12-14 13-15 24-26 25-27 28-30 29-31 2-3 6-7 12-13 14-15 24-25 26-27 28-29 30-31 11-27 12-28 13-29 14-30 15-31 16-24 17-25 18-26 19-27 20-28 21-29 10-14 11-15 16-20 24-28 25-29 9-11 12-14 16-18 17-19 21-23 28-30 12-13 18-19 24-25 26-27 28-29"
6,64,"q6_case1","custom case from custom_qk_cases.csv:34",192,62,96,96,0,skipped,-1,0,0,0.000000,0,solved,106,4790899,4790900,6.668748,1,0,1,344,672,21,0.000108,1,0,"0 2 4 12 8 20 24 56 16 36 40 25 48 41 49 51 32 5 9 26 17 42 50 53 33 11 19 54 35 23 39 47 1 6 10 28 18 44 52 57 34 13 21 58 37 27 43 55 3 14 22 60 38 29 45 59 7 30 46 61 15 62 31 63","17-21 5-21 20-21 40-42 34-42 10-42 9-13 9-41 17-49 17-21 21-23 21-53 21-29 7-23 21-23 40-56 40-42 42-46 42-43 42-58 38-54 52-54 13-45 9-13 44-45 37-45 36-38 36-44 44-45 9-11 9-25 18-19 18-26 38-54 19-27 11-27 9-11 18-19 50-54 18-50 22-54 50-54 14-46 42-46 6-14 6-7 12-28 12-14 6-14 33-35 32-33 2-6 1-3 2-3 16-48 32-48 3-35 28-60 56-57 56-60 48-56 15-31 24-56 12-28 24-28 51-55 39-47 30-62 49-57 56-57 59-63 61-63 62-63 55-63 39-55 31-63 59-63 51-59 49-53 21-53 30-31 49-53 42-58 56-58 42-58 49-57 56-57 0-1 0-4 0-8 0-16 0-1 4-12 4-6 3-7 6-7 15-47 7-15 3-7 1-3 1-33 33-49 49-57 28-30 28-60 28-30","2-3 6-7 12-13 14-15 16-17 18-19 22-23 24-25 26-27 28-29 30-31 34-35 38-39 40-41 42-43 44-45 46-47 50-51 52-53 54-55 58-59 62-63 4-6 5-7 9-11 12-14 13-15 17-19 20-22 21-23 25-27 28-30 29-31 36-38 37-39 41-43 44-46 45-47 52-54 53-55 60-62 2-3 6-7 10-11 14-15 22-23 26-27 30-31 34-35 38-39 42-43 46-47 50-51 54-55 58-59 62-63 3-7 8-12 9-13 10-14 11-15 19-23 24-28 25-29 26-30 35-39 40-44 41-45 42-46 51-55 56-60 57-61 4-6 5-7 12-14 13-15 20-22 21-23 25-27 28-30 29-31 36-38 37-39 41-43 44-46 45-47 52-54 60-62 4-5 6-7 12-13 14-15 18-19 20-21 22-23 24-25 26-27 30-31 36-37 38-39 40-41 42-43 46-47 58-59 62-63 7-15 16-24 17-25 18-26 19-27 20-28 37-45 38-46 39-47 48-56 49-57 50-58 51-59 8-12 9-13 10-14 18-22 19-23 24-28 25-29 26-30 35-39 40-44 41-45 51-55 56-60 57-61 5-7 8-10 12-14 17-19 20-22 25-27 28-30 29-31 36-38 37-39 41-43 44-46 52-54 53-55 60-62 6-7 20-21 22-23 26-27 30-31 36-37 38-39 46-47 54-55 58-59 62-63 9-25 10-26 11-27 12-28 13-29 14-30 15-31 32-48 33-49 34-50 35-51 36-52 37-53 38-54 39-55 5-13 6-14 7-15 16-24 17-25 18-26 19-27 37-45 38-46 39-47 48-56 49-57 50-58 51-59 3-7 8-12 9-13 10-14 18-22 19-23 24-28 25-29 40-44 41-45 42-46 51-55 56-60 57-61 4-6 5-7 12-14 13-15 17-19 20-22 25-27 28-30 37-39 44-46 45-47 52-54 53-55 60-62 4-5 6-7 8-9 10-11 20-21 22-23 24-25 26-27 46-47 54-55 58-59 62-63 16-48 17-49 18-50 19-51 20-52 21-53 22-54 23-55 24-56 25-57 26-58 27-59 28-60 29-61 30-62 31-63 8-24 9-25 10-26 11-27 12-28 13-29 14-30 15-31 32-48 33-49 34-50 35-51 36-52 37-53 38-54 39-55 40-56 4-12 5-13 6-14 7-15 16-24 17-25 18-26 19-27 20-28 37-45 38-46 39-47 48-56 49-57 50-58 51-59 52-60 53-61 54-62 2-6 3-7 8-12 9-13 10-14 19-23 24-28 25-29 26-30 27-31 35-39 40-44 41-45 42-46 43-47 48-52 56-60 57-61 58-62 59-63 1-3 4-6 5-7 12-14 13-15 20-22 21-23 24-26 28-30 29-31 36-38 37-39 40-42 44-46 45-47 48-50 56-58 57-59 60-62 61-63 2-3 6-7 10-11 12-13 14-15 18-19 20-21 22-23 24-25 26-27 28-29 30-31 34-35 36-37 38-39 40-41 42-43 44-45 46-47 48-49 50-51 56-57 58-59 60-61 62-63"
6,64,"q6_case2","custom case from custom_qk_cases.csv:35",166,61,83,84,0,skipped,-1,0,0,0.000000,0,solved,92,4200618,4200619,5.560740,1,0,1,318,672,21,0.000156,1,0,"0 2 3 5 7 11 13 17 19 23 29 31 37 41 43 47 53 59 61 1 4 6 8 9 10 12 14 15 16 18 20 21 22 24 25 26 27 28 30 32 33 34 35 36 38 39 40 42 44 45 46 48 49 50 51 52 54 55 56 57 58 60 62 63","1-3 2-3 56-60 56-58 53-55 52-53 57-59 49-53 43-47 42-43 35-43 1-5 50-54 50-51 37-53 37-45 37-39 32-48 48-50 36-37 32-36 36-44 23-31 21-23 10-26 10-14 4-6 7-23 6-7 9-25 9-13 4-12 12-13 40-41 33-41 9-41 8-9 8-24 17-25 17-19 19-23 1-9 1-17 17-19 11-27 29-31 27-31 26-27 25-27 25-29 18-22 18-26 38-54 22-54 22-30 54-55 42-46 40-42 34-42 42-43 10-42 10-26 8-10 42-46 46-47 38-46 36-38 43-47 15-47 11-15 9-11 9-25 50-54 37-53 53-55 55-63 59-63 27-59 55-63 4-36 36-37 4-36 4-20 20-28 16-20 60-61 53-61 20-22 22-54 53-55 54-55 53-55","2-3 6-7 10-11 14-15 22-23 26-27 30-31 34-35 38-39 42-43 46-47 50-51 54-55 58-59 62-63 4-6 5-7 12-14 13-15 17-19 20-22 21-23 28-30 29-31 36-38 37-39 44-46 45-47 52-54 53-55 60-62 61-63 2-3 6-7 10-11 14-15 16-17 18-19 22-23 26-27 30-31 34-35 38-39 42-43 46-47 50-51 54-55 58-59 62-63 8-12 9-13 10-14 11-15 17-21 18-22 19-23 24-28 25-29 26-30 27-31 40-44 41-45 42-46 43-47 56-60 57-61 58-62 59-63 4-6 5-7 12-14 13-15 17-19 28-30 29-31 36-38 37-39 44-46 45-47 52-54 53-55 60-62 61-63 4-5 6-7 12-13 14-15 28-29 30-31 36-37 38-39 44-45 46-47 52-53 54-55 60-61 62-63 16-24 17-25 18-26 19-27 20-28 48-56 49-57 50-58 51-59 52-60 53-61 54-62 55-63 8-12 9-13 10-14 11-15 17-21 18-22 19-23 24-28 25-29 26-30 27-31 40-44 41-45 42-46 43-47 56-60 57-61 58-62 59-63 8-10 9-11 12-14 13-15 16-18 17-19 20-22 24-26 28-30 29-31 40-42 41-43 44-46 45-47 56-58 57-59 60-62 61-63 8-9 10-11 12-13 14-15 16-17 18-19 20-21 22-23 24-25 26-27 28-29 30-31 40-41 42-43 44-45 46-47 56-57 58-59 60-61 62-63 7-23 8-24 9-25 10-26 11-27 12-28 13-29 14-30 15-31 32-48 33-49 34-50 35-51 36-52 37-53 38-54 39-55 40-56 41-57 42-58 43-59 44-60 45-61 46-62 47-63 5-13 6-14 7-15 16-24 17-25 18-26 48-56 49-57 50-58 51-59 52-60 53-61 54-62 55-63 3-7 8-12 9-13 17-21 18-22 19-23 24-28 25-29 26-30 48-52 49-53 50-54 51-55 56-60 57-61 58-62 59-63 1-3 4-6 5-7 9-11 12-14 16-18 17-19 21-23 25-27 28-30 29-31 48-50 49-51 52-54 53-55 56-58 57-59 60-62 61-63 2-3 6-7 12-13 18-19 22-23 24-25 26-27 28-29 30-31 48-49 50-51 52-53 54-55 56-57 58-59 60-61 62-63 25-57 26-58 27-59 28-60 29-61 30-62 31-63 32-48 33-49 34-50 35-51 36-52 37-53 38-54 39-55 40-56 41-57 42-58 43-59 44-60 23-31 32-40 33-41 48-56 49-57 50-58 51-59 52-60 53-61 24-28 25-29 26-30 33-37 34-38 35-39 48-52 56-60 57-61 58-62 24-26 28-30 29-31 33-35 40-42 44-46 45-47 49-51 60-62 61-63 22-23 30-31 38-39 40-41 44-45 46-47 54-55 56-57 58-59 62-63"
7,128,"q7_case1","custom case from custom_qk_cases.csv:36",448,126,224,224,0,skipped,-1,0,0,0.000000,0,solved,254,27793523,27793524,50.056448,1,0,1,906,1792,28,0.001010,1,0,"0 2 4 12 8 20 24 56 16 36 40 88 48 104 112 113 32 68 72 25 80 41 49 114 96 73 81 51 97 83 99 103 64 5 9 26 17 42 50 116 33 74 82 53 98 85 101 107 65 11 19 54 35 86 102 109 67 23 39 110 71 47 79 95 1 6 10 28 18 44 52 120 34 76 84 57 100 89 105 115 66 13 21 58 37 90 106 117 69 27 43 118 75 55 87 111 3 14 22 60 38 92 108 121 70 29 45 122 77 59 91 119 7 30 46 124 78 61 93 123 15 62 94 125 31 126 63 127","67-71 9-41 19-27 8-24 25-89 25-27 50-51 19-51 38-54 50-54 100-102 38-102 76-108 100-108 73-77 76-77 73-89 43-47 80-82 66-74 66-82 20-84 80-84 45-61 45-47 106-107 43-107 53-117 53-61 5-21 20-21 85-87 85-117 33-37 5-37 90-122 106-122 86-94 86-87 90-94 37-45 41-45 21-53 37-53 84-85 21-85 82-86 84-86 10-42 10-74 74-90 82-90 71-79 120-121 121-123 115-119 91-123 115-123 31-63 79-95 31-95 29-31 28-29 65-67 55-63 32-96 64-65 64-96 32-34 32-40 32-33 8-40 8-9 32-40 40-42 96-112 32-96 56-120 112-120 2-6 4-12 32-36 4-36 4-6 6-7 16-48 32-48 75-91 11-75 11-15 34-35 3-11 3-35 78-110 99-103 39-55 39-103 118-119 116-118 60-124 116-124 112-113 14-30 97-99 44-46 44-45 45-109 101-109 88-92 35-99 22-23 97-113 97-99 67-71 67-99 30-62 72-104 62-126 118-126 116-118 112-116 6-14 29-93 68-70 6-70 70-71 49-57 16-17 17-81 36-52 98-114 14-30 58-59 2-18 18-26 39-47 47-63 62-63 60-62 45-47 43-47 43-59 30-62 58-62 56-58 35-43 13-77 77-109 77-93 69-77 105-109 77-109 45-109 92-93 36-44 44-45 45-47 39-47 35-39 77-93 55-119 23-55 23-31 29-31 29-93 118-119 116-118 42-46 42-106 98-106 106-110 104-106 104-105 42-43 42-106 34-42 74-106 74-78 14-78 74-75 72-74 72-88 82-114 18-82 18-22 82-83 18-82 82-114 46-62 46-110 58-62 42-58 1-17 1-65 65-69 69-77 13-77 24-26 18-26 26-58 16-48 48-52 16-17 16-18 10-11 8-10 8-12 10-74 2-10 2-6 6-70 2-18 53-55 49-53 53-55 23-31 23-55 103-119 71-103 99-103 103-119 115-119 65-97 65-81 125-127 126-127 111-127 79-111 78-79 118-119 119-127 95-127 31-95 30-31 91-95 95-127 125-127 121-125 57-121 113-121 81-113 81-83 83-91 75-91 10-11 11-75 74-75 72-74 74-75 36-52 36-100 68-100 36-100 36-52","2-3 6-7 10-11 14-15 20-21 22-23 24-25 28-29 30-31 32-33 34-35 38-39 44-45 46-47 48-49 50-51 54-55 56-57 58-59 60-61 62-63 66-67 70-71 76-77 78-79 80-81 82-83 86-87 88-89 90-91 92-93 94-95 98-99 102-103 104-105 106-107 108-109 110-111 114-115 116-117 118-119 122-123 126-127 4-6 5-7 12-14 13-15 17-19 20-22 25-27 28-30 29-31 33-35 36-38 37-39 41-43 44-46 45-47 49-51 52-54 53-55 57-59 60-62 61-63 68-70 69-71 73-75 76-78 77-79 81-83 84-86 85-87 89-91 92-94 93-95 100-102 101-103 105-107 108-110 109-111 116-118 117-119 124-126 2-3 6-7 10-11 14-15 16-17 18-19 22-23 24-25 30-31 38-39 42-43 46-47 54-55 58-59 62-63 66-67 70-71 74-75 78-79 86-87 90-91 94-95 98-99 102-103 106-107 110-111 114-115 118-119 122-123 126-127 3-7 8-12 9-13 10-14 18-22 19-23 24-28 25-29 26-30 35-39 40-44 41-45 42-46 43-47 51-55 56-60 57-61 58-62 67-71 72-76 73-77 74-78 75-79 83-87 88-92 89-93 90-94 99-103 104-108 105-109 106-110 115-119 120-124 121-125 4-6 5-7 12-14 13-15 20-22 21-23 28-30 29-31 36-38 44-46 45-47 52-54 53-55 57-59 60-62 61-63 68-70 69-71 76-78 77-79 84-86 85-87 89-91 92-94 93-95 100-102 101-103 105-107 108-110 109-111 116-118 124-126 4-5 6-7 12-13 14-15 18-19 22-23 28-29 30-31 34-35 38-39 44-45 46-47 50-51 52-53 54-55 56-57 58-59 62-63 68-69 70-71 76-77 78-79 82-83 84-85 86-87 88-89 90-91 94-95 100-101 102-103 104-105 106-107 110-111 122-123 126-127 7-15 16-24 17-25 18-26 19-27 20-28 21-29 38-46 39-47 48-56 49-57 50-58 51-59 52-60 71-79 80-88 81-89 82-90 83-91 84-92 101-109 102-110 103-111 112-120 113-121 114-122 115-123 8-12 9-13 10-14 11-15 19-23 24-28 25-29 26-30 27-31 40-44 41-45 42-46 50-54 51-55 56-60 57-61 58-62 72-76 73-77 74-78 82-86 83-87 88-92 89-93 90-94 99-103 104-108 105-109 115-119 120-124 121-125 5-7 8-10 12-14 13-15 17-19 21-23 24-26 28-30 29-31 37-39 40-42 44-46 49-51 52-54 57-59 60-62 61-63 69-71 72-74 76-78 81-83 84-86 89-91 92-94 93-95 100-102 101-103 105-107 108-110 116-118 117-119 124-126 6-7 12-13 14-15 16-17 18-19 20-21 22-23 28-29 30-31 36-37 38-39 52-53 54-55 58-59 62-63 70-71 82-83 84-85 86-87 90-91 94-95 100-101 102-103 110-111 118-119 122-123 126-127 11-27 12-28 13-29 14-30 15-31 32-48 33-49 34-50 35-51 36-52 37-53 38-54 39-55 40-56 73-89 74-90 75-91 76-92 77-93 78-94 79-95 96-112 97-113 98-114 99-115 100-116 101-117 102-118 103-119 16-24 17-25 18-26 19-27 20-28 36-44 37-45 38-46 39-47 48-56 49-57 50-58 51-59 52-60 69-77 70-78 71-79 80-88 81-89 82-90 83-91 101-109 102-110 103-111 112-120 113-121 114-122 115-123 10-14 11-15 24-28 34-38 35-39 40-44 41-45 50-54 51-55 56-60 57-61 58-62 67-71 72-76 73-77 74-78 82-86 83-87 88-92 89-93 104-108 105-109 106-110 115-119 120-124 121-125 8-10 9-11 12-14 16-18 17-19 20-22 21-23 25-27 28-30 33-35 36-38 41-43 44-46 52-54 57-59 60-62 61-63 68-70 69-71 76-78 77-79 81-83 84-86 92-94 101-103 108-110 109-111 116-118 117-119 124-126 8-9 12-13 16-17 18-19 20-21 22-23 28-29 30-31 32-33 34-35 44-45 46-47 50-51 54-55 58-59 62-63 68-69 70-71 72-73 74-75 76-77 86-87 90-91 110-111 118-119 122-123 126-127 17-49 18-50 19-51 20-52 21-53 22-54 23-55 24-56 25-57 26-58 27-59 28-60 29-61 30-62 31-63 64-96 65-97 66-98 67-99 68-100 69-101 70-102 71-103 72-104 73-105 74-106 75-107 76-108 77-109 78-110 79-111 9-25 10-26 11-27 12-28 13-29 14-30 15-31 32-48 33-49 34-50 35-51 36-52 37-53 38-54 39-55 73-89 74-90 75-91 76-92 77-93 78-94 79-95 96-112 97-113 98-114 99-115 100-116 101-117 102-118 103-119 5-13 6-14 7-15 16-24 17-25 18-26 19-27 20-28 36-44 37-45 38-46 39-47 48-56 49-57 50-58 51-59 71-79 80-88 81-89 82-90 83-91 84-92 101-109 102-110 103-111 112-120 113-121 114-122 115-123 3-7 8-12 9-13 10-14 19-23 24-28 25-29 26-30 34-38 35-39 40-44 41-45 50-54 51-55 56-60 72-76 73-77 74-78 75-79 88-92 89-93 90-94 104-108 105-109 106-110 115-119 120-124 121-125 4-6 5-7 12-14 13-15 20-22 21-23 28-30 29-31 33-35 36-38 41-43 44-46 49-51 52-54 57-59 60-62 72-74 73-75 77-79 85-87 92-94 93-95 101-103 108-110 109-111 116-118 117-119 124-126 4-5 6-7 8-9 10-11 16-17 18-19 28-29 30-31 36-37 38-39 40-41 42-43 48-49 50-51 60-61 62-63 72-73 74-75 76-77 94-95 110-111 118-119 122-123 126-127 32-96 33-97 34-98 35-99 36-100 37-101 38-102 39-103 40-104 41-105 42-106 43-107 44-108 45-109 46-110 47-111 48-112 49-113 50-114 51-115 52-116 53-117 54-118 55-119 56-120 57-121 58-122 59-123 60-124 61-125 62-126 63-127 16-48 17-49 18-50 19-51 20-52 21-53 22-54 23-55 24-56 25-57 26-58 27-59 28-60 29-61 30-62 31-63 64-96 65-97 66-98 67-99 68-100 69-101 70-102 71-103 72-104 73-105 74-106 75-107 76-108 77-109 78-110 79-111 80-112 8-24 9-25 10-26 11-27 12-28 13-29 14-30 15-31 32-48 33-49 34-50 35-51 36-52 37-53 38-54 39-55 40-56 73-89 74-90 75-91 76-92 77-93 78-94 79-95 96-112 97-113 98-114 99-115 100-116 101-117 102-118 103-119 104-120 105-121 106-122 107-123 4-12 5-13 6-14 7-15 16-24 17-25 18-26 19-27 20-28 37-45 38-46 39-47 48-56 49-57 50-58 51-59 52-60 53-61 54-62 69-77 70-78 71-79 80-88 81-89 82-90 83-91 84-92 85-93 86-94 112-120 113-121 114-122 115-123 116-124 117-125 118-126 119-127 2-6 3-7 8-12 9-13 10-14 19-23 24-28 25-29 26-30 27-31 35-39 40-44 41-45 42-46 43-47 48-52 56-60 57-61 58-62 59-63 67-71 72-76 73-77 74-78 75-79 80-84 88-92 89-93 90-94 91-95 96-100 106-110 107-111 112-116 113-117 114-118 120-124 121-125 122-126 123-127 1-3 4-6 5-7 12-14 13-15 20-22 21-23 24-26 28-30 29-31 36-38 37-39 40-42 44-46 45-47 48-50 56-58 57-59 60-62 61-63 68-70 69-71 72-74 76-78 77-79 80-82 88-90 89-91 92-94 93-95 96-98 105-107 108-110 116-118 117-119 120-122 121-123 124-126 125-127 2-3 6-7 10-11 12-13 14-15 18-19 20-21 22-23 24-25 26-27 28-29 30-31 34-35 36-37 38-39 40-41 42-43 44-45 46-47 48-49 50-51 56-57 58-59 60-61 62-63 66-67 68-69 70-71 72-73 74-75 76-77 78-79 80-81 82-83 88-89 90-91 92-93 94-95 96-97 98-99 108-109 110-111 116-117 118-119 120-121 122-123 124-125 126-127"
7,128,"q7_case2","custom case from custom_qk_cases.csv:37",392,127,196,196,0,skipped,-1,0,0,0.000000,0,solved,240,26463332,26463333,49.952926,1,0,1,808,1792,28,0.001479,1,0,"0 2 3 5 7 11 13 17 19 23 29 31 37 41 43 47 53 59 61 67 71 73 79 83 89 97 101 103 107 109 113 127 1 4 6 8 9 10 12 14 15 16 18 20 21 22 24 25 26 27 28 30 32 33 34 35 36 38 39 40 42 44 45 46 48 49 50 51 52 54 55 56 57 58 60 62 63 64 65 66 68 69 70 72 74 75 76 77 78 80 81 82 84 85 86 87 88 90 91 92 93 94 95 96 98 99 100 102 104 105 106 108 110 111 112 114 115 116 117 118 119 120 121 122 123 124 125 126","1-3 2-3 106-110 118-119 120-121 86-94 84-92 85-93 126-127 124-125 125-127 122-123 1-5 15-47 121-123 123-127 116-117 87-95 112-114 113-117 117-119 119-127 98-114 114-115 9-13 9-41 97-105 97-99 45-61 44-45 62-63 46-62 61-63 45-61 29-61 21-29 92-94 76-92 70-71 18-26 66-82 66-70 18-82 18-50 83-91 82-83 83-115 113-115 90-91 83-91 88-90 72-88 24-88 88-89 90-94 74-90 64-96 64-80 80-88 48-56 24-56 56-57 24-26 28-30 35-43 51-55 35-51 11-15 1-9 9-11 9-25 9-73 73-105 97-105 105-109 55-63 31-63 30-31 15-31 102-110 100-101 100-102 110-111 111-127 75-79 79-95 95-127 63-127 69-101 69-77 77-93 77-79 58-62 62-63 56-58 24-56 65-81 65-69 10-14 10-42 42-43 17-49 40-42 8-9 8-40 32-33 32-36 4-6 4-12 4-36 36-37 36-38 13-29 49-51 34-38 48-52 28-92 81-83 19-83 67-83 17-19 19-27 19-23 23-55 22-23 7-23 7-71 7-39 39-55 101-103 39-103 19-83 6-7 32-48 48-49 17-49 1-17 16-17 1-9 56-60 40-56 2-66 2-10 10-42 42-58 56-58 104-108 108-110 102-110 98-102 34-42 4-20 4-68 4-36 36-52 38-39 38-54 34-38 70-78 68-70 64-68 64-65 14-15 10-14 10-42 75-79 71-79 70-71 43-59 42-43 40-42 78-110 78-94 102-110 61-125 109-125 61-125 60-61 28-60 88-90 88-92 28-92 73-89 88-89 88-90 17-49 49-53 33-49 17-49 1-17 43-107 43-59 51-59 19-51 19-23 17-19 15-31 29-31 23-31 15-31 14-15 6-14 66-70 6-70 70-102 2-18 2-6 97-113 97-101 4-12 4-6 4-20 96-97 97-113 7-39 6-7 7-39 47-63 39-47 47-63 60-61 61-63 60-61 28-60 28-29 13-29 25-29 28-29 20-28 25-89 73-89 16-48 16-20 16-17 17-25 17-49 49-113 48-49 17-49 16-17","2-3 6-7 10-11 14-15 18-19 22-23 26-27 30-31 34-35 38-39 42-43 46-47 50-51 54-55 58-59 62-63 66-67 70-71 74-75 78-79 82-83 86-87 90-91 94-95 98-99 102-103 106-107 110-111 114-115 118-119 122-123 126-127 4-6 5-7 12-14 13-15 20-22 21-23 28-30 29-31 36-38 37-39 44-46 45-47 52-54 53-55 60-62 61-63 68-70 69-71 76-78 77-79 84-86 85-87 92-94 93-95 100-102 101-103 108-110 109-111 116-118 117-119 124-126 125-127 2-3 6-7 10-11 14-15 18-19 22-23 26-27 30-31 34-35 38-39 42-43 46-47 50-51 54-55 58-59 62-63 66-67 70-71 74-75 78-79 82-83 86-87 90-91 94-95 98-99 102-103 106-107 110-111 114-115 118-119 122-123 126-127 8-12 9-13 10-14 11-15 24-28 25-29 26-30 27-31 40-44 41-45 42-46 43-47 56-60 57-61 58-62 59-63 72-76 73-77 74-78 75-79 88-92 89-93 90-94 91-95 104-108 105-109 106-110 107-111 120-124 121-125 122-126 123-127 4-6 5-7 12-14 13-15 20-22 21-23 28-30 29-31 36-38 37-39 44-46 45-47 52-54 53-55 60-62 61-63 68-70 69-71 76-78 77-79 84-86 85-87 92-94 93-95 100-102 101-103 108-110 109-111 116-118 117-119 124-126 125-127 4-5 6-7 12-13 14-15 20-21 22-23 28-29 30-31 36-37 38-39 44-45 46-47 52-53 54-55 60-61 62-63 68-69 70-71 76-77 78-79 84-85 86-87 92-93 94-95 100-101 102-103 108-109 110-111 116-117 118-119 124-125 126-127 16-24 17-25 18-26 19-27 20-28 21-29 22-30 23-31 48-56 49-57 50-58 51-59 52-60 53-61 54-62 55-63 80-88 81-89 82-90 83-91 84-92 85-93 86-94 87-95 112-120 113-121 114-122 115-123 116-124 117-125 118-126 119-127 8-12 9-13 10-14 11-15 24-28 25-29 26-30 27-31 40-44 41-45 42-46 43-47 56-60 57-61 58-62 59-63 72-76 73-77 74-78 75-79 88-92 89-93 90-94 91-95 104-108 105-109 106-110 107-111 120-124 121-125 122-126 123-127 8-10 9-11 12-14 13-15 24-26 25-27 28-30 29-31 40-42 41-43 44-46 45-47 56-58 57-59 60-62 61-63 72-74 73-75 76-78 77-79 88-90 89-91 92-94 93-95 104-106 105-107 108-110 109-111 120-122 121-123 124-126 125-127 8-9 10-11 12-13 14-15 24-25 26-27 28-29 30-31 40-41 42-43 44-45 46-47 56-57 58-59 60-61 62-63 72-73 74-75 76-77 78-79 88-89 90-91 92-93 94-95 104-105 106-107 108-109 110-111 120-121 122-123 124-125 126-127 32-48 33-49 34-50 35-51 36-52 37-53 38-54 39-55 40-56 41-57 42-58 43-59 44-60 45-61 46-62 47-63 96-112 97-113 98-114 99-115 100-116 101-117 102-118 103-119 104-120 105-121 106-122 107-123 108-124 109-125 110-126 111-127 16-24 17-25 18-26 19-27 20-28 21-29 22-30 23-31 48-56 49-57 50-58 51-59 52-60 53-61 54-62 55-63 80-88 81-89 82-90 83-91 84-92 85-93 86-94 87-95 112-120 113-121 114-122 115-123 116-124 117-125 118-126 119-127 16-20 17-21 18-22 19-23 24-28 25-29 26-30 27-31 48-52 49-53 50-54 51-55 56-60 57-61 58-62 59-63 80-84 81-85 82-86 83-87 88-92 89-93 90-94 91-95 112-116 113-117 114-118 115-119 120-124 121-125 122-126 123-127 16-18 17-19 20-22 21-23 24-26 25-27 28-30 29-31 48-50 49-51 52-54 53-55 56-58 57-59 60-62 61-63 80-82 81-83 84-86 85-87 88-90 89-91 92-94 93-95 112-114 113-115 116-118 117-119 120-122 121-123 124-126 125-127 16-17 18-19 20-21 22-23 24-25 26-27 28-29 30-31 48-49 50-51 52-53 54-55 56-57 58-59 60-61 62-63 80-81 82-83 84-85 86-87 88-89 90-91 92-93 94-95 112-113 114-115 116-117 118-119 120-121 122-123 124-125 126-127 12-44 13-45 14-46 15-47 16-48 17-49 18-50 19-51 20-52 21-53 22-54 23-55 24-56 25-57 26-58 27-59 28-60 29-61 30-62 31-63 64-96 65-97 66-98 67-99 68-100 69-101 70-102 71-103 72-104 73-105 74-106 75-107 76-108 77-109 78-110 79-111 80-112 81-113 82-114 83-115 84-116 85-117 86-118 87-119 88-120 89-121 90-122 91-123 92-124 93-125 94-126 95-127 7-23 8-24 9-25 10-26 11-27 12-28 13-29 14-30 15-31 96-112 97-113 98-114 99-115 100-116 101-117 102-118 103-119 104-120 105-121 106-122 107-123 108-124 109-125 110-126 111-127 5-13 6-14 7-15 16-24 17-25 32-40 33-41 34-42 35-43 36-44 96-104 97-105 98-106 99-107 100-108 101-109 102-110 103-111 112-120 113-121 114-122 115-123 116-124 117-125 118-126 119-127 3-7 8-12 9-13 17-21 18-22 19-23 26-30 27-31 40-44 41-45 42-46 96-100 97-101 98-102 99-103 104-108 105-109 106-110 107-111 112-116 113-117 114-118 115-119 120-124 121-125 122-126 123-127 1-3 4-6 5-7 9-11 12-14 16-18 17-19 21-23 28-30 32-34 33-35 37-39 44-46 96-98 97-99 100-102 101-103 104-106 105-107 108-110 109-111 112-114 113-115 116-118 117-119 120-122 121-123 124-126 125-127 2-3 6-7 12-13 18-19 24-25 26-27 28-29 32-33 34-35 36-37 42-43 96-97 98-99 100-101 102-103 104-105 106-107 108-109 110-111 112-113 114-115 116-117 118-119 120-121 122-123 124-125 126-127 51-115 52-116 53-117 54-118 55-119 56-120 57-121 58-122 59-123 60-124 61-125 62-126 63-127 64-96 65-97 66-98 67-99 68-100 69-101 70-102 71-103 72-104 73-105 74-106 75-107 76-108 77-109 78-110 79-111 80-112 81-113 82-114 83-115 84-116 85-117 86-118 87-119 88-120 64-80 65-81 66-82 67-83 68-84 69-85 70-86 96-112 97-113 98-114 99-115 100-116 101-117 102-118 103-119 104-120 105-121 106-122 107-123 108-124 109-125 49-57 50-58 51-59 52-60 53-61 54-62 55-63 69-77 70-78 71-79 96-104 97-105 98-106 99-107 112-120 113-121 114-122 115-123 116-124 117-125 118-126 48-52 49-53 50-54 51-55 58-62 59-63 72-76 73-77 80-84 81-85 82-86 83-87 89-93 90-94 91-95 98-102 99-103 104-108 112-116 113-117 114-118 120-124 121-125 122-126 48-50 49-51 53-55 57-59 60-62 64-66 68-70 69-71 80-82 84-86 85-87 89-91 93-95 100-102 104-106 105-107 112-114 116-118 120-122 124-126 48-49 50-51 52-53 60-61 68-69 70-71 74-75 76-77 78-79 84-85 86-87 88-89 98-99 100-101 104-105 106-107 110-111 112-113"
