sample_id,total_dist,state_hex,current_status,strong_status,current_steps,strong_steps,same_steps,current_expanded,strong_expanded,expanded_ratio_current_over_strong,current_states,strong_states,current_sec,strong_sec,time_ratio_current_over_strong,current_h0,strong_h0
1,34,0xC18602FE9743DA5B,solved,solved,18,18,1,3121,15141,0.206129,79644,375811,0.012785,0.107245,0.119209,17,18
2,22,0xFEC2DB18A7493065,solved,solved,13,13,1,1283,71,18.070423,31669,2023,0.006110,0.002232,2.737623,11,11
3,30,0x4C0EF1A63D857B92,solved,solved,18,18,1,185943,8092,22.978621,3857628,192802,1.341055,0.053984,24.841668,15,16
4,40,0x723F4C6B0D1AE985,solved,solved,20,20,1,5852,5070,1.154241,153462,133196,0.022790,0.032709,0.696736,20,20
5,26,0x56739FD8AEBC1402,solved,solved,14,14,1,255,539,0.473098,6835,14527,0.002612,0.005208,0.501661,13,14
6,30,0x9D5AE24CB31086F7,solved,solved,16,16,1,1295,2594,0.499229,33465,65931,0.005983,0.016976,0.352454,15,16
7,32,0x2CB8463F17AD5E90,solved,solved,18,18,1,81758,2363,34.599238,1816651,61905,0.445505,0.016384,27.191658,16,16
8,40,0x82B7C10E4563FDA9,solved,solved,20,20,1,387,324,1.194444,10539,8761,0.003010,0.003597,0.836845,20,20
9,28,0x86F49D7EC210AB53,solved,solved,16,16,1,4267,3040,1.403618,101774,75913,0.013943,0.019238,0.724731,14,14
10,34,0x971BEC3580FD264A,solved,solved,18,18,1,4427,4644,0.953273,111361,119185,0.015775,0.031766,0.496592,17,18
11,36,0xB274DE65913FC80A,solved,solved,19,19,1,23561,4721,4.990680,578560,121613,0.079680,0.030279,2.631505,18,19
12,36,0x2DC3B071A84EF965,solved,solved,19,19,1,10828,54843,0.197436,273042,1241931,0.035240,0.365060,0.096531,18,19
13,40,0x8701D236F9BA5C4E,solved,solved,20,20,1,945,499,1.893788,24947,13329,0.005256,0.005129,1.024759,20,20
14,24,0x7BC2F01D6E48395A,solved,solved,14,14,1,1845,20,92.250000,44571,580,0.007867,0.001927,4.082568,12,12
15,30,0x12E9B385F4C07DA6,solved,solved,15,15,1,468,412,1.135922,12792,11261,0.003278,0.004631,0.707737,15,15
16,26,0xDE2B6C17F4053A98,solved,solved,14,14,1,701,60,11.683333,18855,1756,0.004308,0.001993,2.161031,13,14
17,30,0x180429BAC5F736DE,solved,solved,17,17,1,19949,412,48.419903,460270,11186,0.071946,0.004495,16.004827,15,15
18,26,0x6E0AD479F2BC1358,solved,solved,15,15,1,3222,87,37.034483,77863,2481,0.011604,0.002289,5.069416,13,13
19,36,0x593C042B78F6D1EA,solved,solved,18,18,1,6947,6410,1.083775,177813,164506,0.025886,0.046840,0.552645,18,18
20,30,0xDBAC936E051F7824,solved,solved,17,17,1,28105,647,43.438949,643526,17219,0.128606,0.006195,20.760570,15,15
21,36,0xB7E9C1A6028FD453,solved,solved,18,18,1,4287,4877,0.879024,111839,127847,0.017658,0.035499,0.497441,18,18
22,32,0x9248135AC06DBE7F,solved,solved,18,18,1,15726,223,70.520179,368619,6206,0.058306,0.003213,18.145867,16,16
23,32,0x31F6089CA4BD52E7,solved,solved,18,18,1,55226,1203,45.906899,1272930,32809,0.231493,0.009542,24.260671,16,16
24,30,0x629A480BEDF57C31,solved,solved,17,17,1,11022,238,46.310924,261661,6686,0.032613,0.003308,9.857514,15,15
25,28,0x489C12E6D7503FAB,solved,solved,15,15,1,707,350,2.020000,19123,9750,0.003902,0.003989,0.978241,14,15
26,34,0x3A90E7B612CF4D85,solved,solved,17,17,1,686,422,1.625592,18212,11293,0.003820,0.004362,0.875596,17,17
27,26,0xA653BF18924ED70C,solved,solved,16,16,1,26376,956,27.589958,584436,25132,0.089062,0.007556,11.787067,13,14
28,26,0xACB2F09137E465D8,solved,solved,15,15,1,1695,81,20.925926,40704,2273,0.006822,0.002086,3.269952,13,13
29,30,0x2091CF3E6475B8DA,solved,solved,17,17,1,30190,565,53.433628,661995,15212,0.104802,0.005186,20.207003,15,15
30,34,0xB36F2478DAC190E5,solved,solved,17,17,1,18,18,1.000000,524,524,0.001790,0.001665,1.074950,17,17
31,32,0xAF2D1734068CEB95,solved,solved,18,18,1,91967,3216,28.596704,1997729,82233,0.483071,0.021645,22.318301,16,16
32,30,0xBCE840D3F712956A,solved,solved,17,17,1,26442,222,119.108108,600359,6174,0.099256,0.003180,31.209729,15,15
33,28,0x9DCE41AB32786F50,solved,solved,16,16,1,25601,1248,20.513622,557858,32049,0.076154,0.009304,8.185137,14,14
34,34,0x0819F7264AD5B3EC,solved,solved,18,18,1,5506,1538,3.579974,143401,40857,0.022236,0.011556,1.924163,17,18
35,32,0x7D01C49AEF538B62,solved,solved,18,18,1,26623,643,41.404355,616600,17280,0.113317,0.006037,18.770366,16,16
36,32,0x7316CD29F845B0EA,solved,solved,17,17,1,5107,1270,4.021260,127508,33091,0.018506,0.009891,1.870869,16,17
37,32,0xDF75B124390EC6A8,solved,solved,18,18,1,60616,1167,51.941731,1374166,31025,0.311080,0.009285,33.502014,16,16
38,36,0xF165EDAC89420B73,solved,solved,20,20,1,378496,8228,46.000972,8157561,211517,3.138386,0.059201,53.012387,18,18
39,38,0x61FE43059C728DBA,solved,solved,20,20,1,347212,1196,290.311037,7650377,31773,2.787969,0.010196,273.440206,19,20
40,26,0xDE1072A96C348FB5,solved,solved,15,15,1,1783,947,1.882788,44015,24617,0.009215,0.008268,1.114573,13,13
41,30,0x3290DB714AF6E85C,solved,solved,17,17,1,17367,238,72.970588,395525,6594,0.071247,0.003343,21.312842,15,15
42,24,0x9F5AEB0D681C7342,solved,solved,15,15,1,12895,1454,8.868638,280658,37103,0.041674,0.010732,3.883188,12,15
43,34,0x5381EC04F97D26AB,solved,solved,18,18,1,15222,1550,9.820645,361571,41249,0.055624,0.011659,4.771105,17,18
44,32,0xA5DBE4396F02C781,solved,solved,17,17,1,2351,4312,0.545223,61447,107537,0.009230,0.027609,0.334323,16,17
45,34,0xA9D764F082BCE153,solved,solved,17,17,1,2568,1555,1.651447,68103,41795,0.010936,0.011845,0.923284,17,17
46,36,0xC92AF1B745E3D680,solved,solved,20,20,1,533379,14788,36.068366,11059319,359120,4.126921,0.093840,43.978175,18,18
47,36,0x81F60D9B432AE75C,solved,solved,18,18,1,47,47,1.000000,1383,1383,0.001948,0.001948,1.000411,18,18
48,32,0x47E2B59018FD63CA,solved,solved,17,17,1,7044,671,10.497765,177112,18350,0.025729,0.006185,4.160105,16,17
49,30,0xEAD8256941703CBF,solved,solved,16,16,1,4267,8982,0.475061,111268,232179,0.017857,0.064875,0.275254,15,16
50,30,0x70A5DE698CF412B3,solved,solved,16,16,1,3282,4936,0.664911,84723,128221,0.013353,0.033329,0.400645,15,16
51,30,0x64D2C59A3E87F10B,solved,solved,15,15,1,1218,1100,1.107273,31861,28861,0.006460,0.009303,0.694413,15,15
52,28,0x7DC92A35601EF48B,solved,solved,17,17,1,155010,4013,38.626962,3094610,98219,1.075423,0.026211,41.028968,14,15
53,34,0xCD43E0AF27B69185,solved,solved,19,19,1,135440,2045,66.229829,2914321,52600,0.781696,0.013774,56.750325,17,17
54,36,0xCD0174EB62AF8359,solved,solved,19,19,1,50790,965,52.632124,1192949,26123,0.208560,0.007930,26.300470,18,19
55,36,0xCB05761D32A984FE,solved,solved,18,18,1,73,67,1.089552,2106,1930,0.002292,0.002058,1.113400,18,18
56,32,0xC6A2F31504ED789B,solved,solved,16,16,1,45,29,1.551724,1314,847,0.001935,0.001853,1.043976,16,16
57,32,0xCE684920AF351BD7,solved,solved,18,18,1,34565,487,70.975359,799587,13408,0.130000,0.004867,26.709320,16,16
58,32,0xB0CF3184ED92657A,solved,solved,17,17,1,3046,6233,0.488689,78750,151660,0.012115,0.038819,0.312096,16,17
59,28,0x76FD139CA4B2850E,solved,solved,15,15,1,447,1153,0.387684,12179,30687,0.003402,0.008973,0.379153,14,15
60,30,0x6D4E3CBF85A12790,solved,solved,16,16,1,1564,8583,0.182221,41100,211413,0.007539,0.052903,0.142508,15,16
61,32,0x3BF716C0A58ED249,solved,solved,18,18,1,86300,2321,37.182249,1867938,59213,0.458713,0.015319,29.945014,16,16
62,28,0xEB6D871A20F9345C,solved,solved,15,15,1,538,718,0.749304,14171,19440,0.003252,0.005903,0.550974,14,15
63,22,0xBAC69831475DE2F0,solved,solved,13,13,1,903,74,12.202703,22398,2092,0.004370,0.002122,2.059716,11,11
64,36,0x26D50F3B71894CEA,solved,solved,19,19,1,22057,22,1002.590909,545194,647,0.075235,0.001881,39.992930,18,19
65,36,0xA02B4F759CDE3681,solved,solved,18,18,1,508,508,1.000000,14012,14012,0.003771,0.004541,0.830463,18,18
66,34,0x87D1435AECBF0269,solved,solved,17,17,1,103,103,1.000000,2922,2922,0.001971,0.002492,0.791043,17,17
67,26,0x78F1029E34B6DA5C,solved,solved,14,14,1,377,875,0.430857,9928,23111,0.002687,0.006991,0.384378,13,14
68,32,0xDB608519FCEA7423,solved,solved,18,18,1,44389,461,96.288503,980191,12595,0.155421,0.004732,32.843371,16,16
69,32,0xA3582DFE46CB1907,solved,solved,18,18,1,109183,2947,37.048863,2351244,76293,0.594864,0.019756,30.110249,16,16
70,32,0xD3B2691F487C5EA0,solved,solved,16,16,1,3045,1121,2.716325,77934,29776,0.011314,0.008215,1.377235,16,16
71,32,0x29ED71B0F5A4C386,solved,solved,17,17,1,943,958,0.984342,25845,26162,0.004952,0.007634,0.648594,16,17
72,32,0x1895743DF062BAEC,solved,solved,17,17,1,4803,58,82.810345,120479,1653,0.015800,0.002064,7.654571,16,17
73,26,0x6719C5B8EAFD3204,solved,solved,15,15,1,6468,178,36.337079,154773,4930,0.022881,0.002668,8.576371,13,13
74,34,0x452BCAF03E86197D,solved,solved,18,18,1,13792,110,125.381818,340585,3206,0.041411,0.002484,16.671605,17,18
75,38,0xA60241EDCF5B9837,solved,solved,20,20,1,148529,75188,1.975435,3393081,1778605,1.094247,0.625387,1.749711,19,20
76,34,0x820A195FCE6DB437,solved,solved,17,17,1,50,49,1.020408,1460,1429,0.002262,0.002291,0.987429,17,17
77,32,0x2978A1DCF3BE4506,solved,solved,18,18,1,71699,2320,30.904741,1579583,59207,0.463606,0.016000,28.974644,16,16
78,36,0x103D5A4B86E792CF,solved,solved,18,18,1,3071,2858,1.074528,80678,75121,0.012564,0.019474,0.645197,18,18
79,36,0xA508D7E4F639C12B,solved,solved,19,19,1,30444,99,307.515152,729225,2845,0.125398,0.002408,52.067098,18,19
80,28,0x86A4DE7932051BFC,solved,solved,15,15,1,784,384,2.041667,20517,10252,0.004317,0.003986,1.083097,14,15
81,36,0x06DB5F13874AEC29,solved,solved,19,19,1,11102,902,12.308204,285473,25029,0.035710,0.007789,4.584914,18,19
82,32,0xFC8B291E0DA74356,solved,solved,17,17,1,9325,5872,1.588045,227567,150934,0.035926,0.036927,0.972901,16,17
83,26,0x4AB23697EFDC1850,solved,solved,14,14,1,327,749,0.436582,9054,20128,0.002867,0.006722,0.426476,13,14
84,32,0xBC60253F17DAE498,solved,solved,17,17,1,5287,124,42.637097,134634,3491,0.021083,0.002514,8.384569,16,17
85,32,0xF1AE923DC805467B,solved,solved,16,16,1,1268,1252,1.012780,33336,32922,0.006105,0.009390,0.650145,16,16
86,30,0x32809DEB56A47C1F,solved,solved,16,16,1,1745,17,102.647059,46578,493,0.008561,0.001697,5.046095,15,16
87,30,0x9283DFBACE061745,solved,solved,17,17,1,17033,340,50.097059,391184,9210,0.058086,0.004332,13.407465,15,15
88,28,0x7DBEA328C1F65049,solved,solved,16,16,1,12554,353,35.563739,289004,9432,0.040743,0.004076,9.995805,14,14
89,42,0x04A1C5EB382D9F76,solved,solved,21,21,1,52,52,1.000000,1534,1534,0.001876,0.002223,0.844109,21,21
90,30,0x3DEB529F871C4A06,solved,solved,18,18,1,295208,14439,20.445183,5829918,336979,1.868895,0.086973,21.488200,15,16
91,28,0xB9128F0AE4D67C35,solved,solved,16,16,1,2952,3070,0.961564,70406,73401,0.010764,0.017866,0.602520,14,14
92,30,0xE204B9F6CD53A817,solved,solved,16,16,1,1611,2101,0.766778,43037,54422,0.006376,0.013757,0.463476,15,16
93,36,0x45F70869231DEBCA,solved,solved,18,18,1,19,19,1.000000,554,554,0.002018,0.001687,1.196099,18,18
94,38,0x5CE3687A1D2049FB,solved,solved,19,19,1,40,40,1.000000,1159,1159,0.001828,0.002277,0.802845,19,19
95,32,0x17CD520A8FE4936B,solved,solved,18,18,1,133575,4027,33.169853,2857841,103578,0.751994,0.029589,25.414637,16,16
96,32,0x743EC286FBA01D95,solved,solved,16,16,1,295,275,1.072727,8239,7673,0.002967,0.003643,0.814418,16,16
97,30,0xA0BC2495F1783E6D,solved,solved,18,18,1,175293,8535,20.538137,3647070,208347,1.179719,0.052172,22.612104,15,16
98,40,0x910263A4ED7FC8B5,solved,solved,20,20,1,8290,1872,4.428419,210551,50498,0.031293,0.014768,2.118988,20,20
99,28,0x37F41285D096EABC,solved,solved,15,15,1,821,1043,0.787152,21404,27393,0.004320,0.008672,0.498201,14,15
100,30,0x6A4785CFBE9D0312,solved,solved,16,16,1,4455,1900,2.344737,110599,49943,0.018488,0.014353,1.288063,15,16
