case_index,total_cases,dim,case_name,depth,max_depth,expanded,layer_candidates,retained,best_total_dist,best_misplaced,best_max_dist,elapsed_sec
1,1,8,"q8_case2",1,2048,1024,1024,128,874,250,7,0.001806
1,1,8,"q8_case2",2,2048,124046,123022,128,872,249,7,0.175198
1,1,8,"q8_case2",3,2048,253657,129611,128,870,248,7,0.366664
1,1,8,"q8_case2",4,2048,383781,130124,128,868,247,7,0.573574
1,1,8,"q8_case2",5,2048,514054,130273,128,866,246,7,0.779457
1,1,8,"q8_case2",6,2048,644305,130251,128,864,245,7,1.043209
1,1,8,"q8_case2",7,2048,774481,130176,128,862,244,7,1.250796
1,1,8,"q8_case2",8,2048,904632,130151,128,860,243,7,1.455407
1,1,8,"q8_case2",9,2048,1034737,130105,128,858,242,7,1.661589
1,1,8,"q8_case2",10,2048,1164801,130064,128,856,241,7,2.005170
1,1,8,"q8_case2",11,2048,1294795,129994,128,854,240,7,2.210588
1,1,8,"q8_case2",12,2048,1424764,129969,128,852,239,7,2.413148
1,1,8,"q8_case2",13,2048,1554646,129882,128,850,238,7,2.615705
1,1,8,"q8_case2",14,2048,1684505,129859,128,848,237,7,2.860797
1,1,8,"q8_case2",15,2048,1814299,129794,128,846,236,7,3.111713
1,1,8,"q8_case2",16,2048,1944020,129721,128,844,235,7,3.344965
1,1,8,"q8_case2",17,2048,2073779,129759,128,842,234,7,3.619010
1,1,8,"q8_case2",18,2048,2203538,129759,128,840,233,7,3.907404
1,1,8,"q8_case2",19,2048,2333221,129683,128,838,232,7,4.412372
1,1,8,"q8_case2",20,2048,2462935,129714,128,836,231,7,4.656665
1,1,8,"q8_case2",21,2048,2592661,129726,128,834,230,7,4.908974
1,1,8,"q8_case2",22,2048,2722364,129703,128,832,229,7,5.160165
1,1,8,"q8_case2",23,2048,2851833,129469,128,830,228,7,5.432536
1,1,8,"q8_case2",24,2048,2981304,129471,128,828,228,7,5.654197
1,1,8,"q8_case2",25,2048,3102826,121522,128,826,227,7,5.894076
1,1,8,"q8_case2",26,2048,3231992,129166,128,824,228,6,6.169402
1,1,8,"q8_case2",27,2048,3362456,130464,128,822,228,6,6.413892
1,1,8,"q8_case2",28,2048,3492232,129776,128,820,227,6,6.681278
1,1,8,"q8_case2",29,2048,3622783,130551,128,818,227,6,6.960908
1,1,8,"q8_case2",30,2048,3752595,129812,128,816,227,6,7.202303
1,1,8,"q8_case2",31,2048,3883007,130412,128,814,227,6,7.470360
1,1,8,"q8_case2",32,2048,4013607,130600,128,812,226,6,7.742153
1,1,8,"q8_case2",33,2048,4144275,130668,128,810,226,6,7.980523
1,1,8,"q8_case2",34,2048,4274049,129774,128,808,225,6,8.257563
1,1,8,"q8_case2",35,2048,4404478,130429,128,806,225,6,8.537486
1,1,8,"q8_case2",36,2048,4534280,129802,128,804,225,6,8.762654
1,1,8,"q8_case2",37,2048,4664680,130400,128,802,224,6,9.037561
1,1,8,"q8_case2",38,2048,4795316,130636,128,800,224,6,9.865272
1,1,8,"q8_case2",39,2048,4925182,129866,128,798,224,6,10.128891
1,1,8,"q8_case2",40,2048,5055739,130557,128,796,223,6,10.378036
1,1,8,"q8_case2",41,2048,5186377,130638,128,794,223,6,10.630909
1,1,8,"q8_case2",42,2048,5314550,128173,128,792,222,6,10.886159
1,1,8,"q8_case2",43,2048,5444910,130360,128,790,221,6,11.112160
1,1,8,"q8_case2",44,2048,5575293,130383,128,788,221,6,11.348228
1,1,8,"q8_case2",45,2048,5703463,128170,128,786,220,6,11.609182
1,1,8,"q8_case2",46,2048,5833729,130266,128,784,220,6,11.868036
1,1,8,"q8_case2",47,2048,5964071,130342,128,782,220,6,12.122182
1,1,8,"q8_case2",48,2048,6094593,130522,128,780,219,6,12.396549
1,1,8,"q8_case2",49,2048,6225255,130662,128,778,219,6,12.627250
1,1,8,"q8_case2",50,2048,6355522,130267,128,776,219,6,12.868788
1,1,8,"q8_case2",51,2048,6485972,130450,128,774,219,6,13.145525
1,1,8,"q8_case2",52,2048,6616623,130651,128,772,219,6,13.434561
1,1,8,"q8_case2",53,2048,6747269,130646,128,770,219,6,13.710565
1,1,8,"q8_case2",54,2048,6877889,130620,128,768,219,6,13.975817
1,1,8,"q8_case2",55,2048,7008466,130577,128,766,219,6,14.212874
1,1,8,"q8_case2",56,2048,7139085,130619,128,764,219,6,14.469376
1,1,8,"q8_case2",57,2048,7269782,130697,128,762,218,6,14.765743
1,1,8,"q8_case2",58,2048,7400466,130684,128,760,217,6,15.033942
1,1,8,"q8_case2",59,2048,7523331,122865,128,758,217,6,15.306587
1,1,8,"q8_case2",60,2048,7648085,124754,128,756,216,6,15.565227
1,1,8,"q8_case2",61,2048,7778561,130476,128,754,216,6,15.817955
1,1,8,"q8_case2",62,2048,7908861,130300,128,752,216,6,16.088897
1,1,8,"q8_case2",63,2048,8039395,130534,128,750,215,6,16.374250
1,1,8,"q8_case2",64,2048,8170159,130764,128,748,215,6,16.613866
1,1,8,"q8_case2",65,2048,8293018,122859,128,746,214,6,16.881887
1,1,8,"q8_case2",66,2048,8423052,130034,128,744,214,6,17.142325
1,1,8,"q8_case2",67,2048,8553426,130374,128,742,214,6,17.392832
1,1,8,"q8_case2",68,2048,8683996,130570,128,740,213,6,17.677893
1,1,8,"q8_case2",69,2048,8814734,130738,128,738,213,6,17.958203
1,1,8,"q8_case2",70,2048,8945271,130537,128,736,212,6,18.202869
1,1,8,"q8_case2",71,2048,9075833,130562,128,734,212,6,18.485009
1,1,8,"q8_case2",72,2048,9206021,130188,128,732,211,6,18.769080
1,1,8,"q8_case2",73,2048,9336600,130579,128,730,211,6,19.014754
1,1,8,"q8_case2",74,2048,9466765,130165,128,728,210,6,19.251750
1,1,8,"q8_case2",75,2048,9597270,130505,128,726,210,6,21.040308
1,1,8,"q8_case2",76,2048,9720878,123608,128,724,209,6,21.262922
1,1,8,"q8_case2",77,2048,9851236,130358,128,722,208,6,21.505667
1,1,8,"q8_case2",78,2048,9981457,130221,128,720,208,6,21.734956
1,1,8,"q8_case2",79,2048,10104331,122874,128,718,207,6,21.953992
1,1,8,"q8_case2",80,2048,10234310,129979,128,716,207,6,22.229319
1,1,8,"q8_case2",81,2048,10364479,130169,128,714,207,6,22.507603
1,1,8,"q8_case2",82,2048,10495044,130565,128,712,206,6,22.783725
1,1,8,"q8_case2",83,2048,10625761,130717,128,710,206,6,23.058929
1,1,8,"q8_case2",84,2048,10755896,130135,128,708,206,6,23.341894
1,1,8,"q8_case2",85,2048,10886376,130480,128,706,206,6,23.570175
1,1,8,"q8_case2",86,2048,11017036,130660,128,704,206,6,23.797987
1,1,8,"q8_case2",87,2048,11147651,130615,128,702,206,6,24.020033
1,1,8,"q8_case2",88,2048,11278257,130606,128,700,206,6,24.249880
1,1,8,"q8_case2",89,2048,11408829,130572,128,698,206,6,24.469745
1,1,8,"q8_case2",90,2048,11539378,130549,128,696,206,6,24.725013
1,1,8,"q8_case2",91,2048,11669857,130479,128,694,206,6,24.999212
1,1,8,"q8_case2",92,2048,11800332,130475,128,692,206,6,25.297235
1,1,8,"q8_case2",93,2048,11930808,130476,128,690,206,6,25.581363
1,1,8,"q8_case2",94,2048,12061299,130491,128,688,206,6,25.851034
1,1,8,"q8_case2",95,2048,12191723,130424,128,686,206,6,26.114956
1,1,8,"q8_case2",96,2048,12322080,130357,128,684,206,6,26.334430
1,1,8,"q8_case2",97,2048,12452411,130331,128,682,206,6,26.548526
1,1,8,"q8_case2",98,2048,12582730,130319,128,680,206,6,26.771322
1,1,8,"q8_case2",99,2048,12713079,130349,128,678,206,6,26.992915
1,1,8,"q8_case2",100,2048,12843527,130448,128,676,206,6,27.215469
1,1,8,"q8_case2",101,2048,12974022,130495,128,674,206,6,27.438478
1,1,8,"q8_case2",102,2048,13104481,130459,128,672,206,6,27.656276
1,1,8,"q8_case2",103,2048,13234959,130478,128,670,206,6,27.876929
1,1,8,"q8_case2",104,2048,13365516,130557,128,668,206,6,28.101690
1,1,8,"q8_case2",105,2048,13496142,130626,128,666,206,6,28.326369
1,1,8,"q8_case2",106,2048,13626770,130628,128,664,206,6,28.546947
1,1,8,"q8_case2",107,2048,13757438,130668,128,662,206,6,28.770306
1,1,8,"q8_case2",108,2048,13888155,130717,128,660,205,6,28.998812
1,1,8,"q8_case2",109,2048,14018906,130751,128,658,205,6,29.224619
1,1,8,"q8_case2",110,2048,14148716,129810,128,656,204,6,29.447129
1,1,8,"q8_case2",111,2048,14279385,130669,128,654,204,6,29.675517
1,1,8,"q8_case2",112,2048,14409671,130286,128,652,203,6,29.914591
1,1,8,"q8_case2",113,2048,14540317,130646,128,650,203,6,30.172915
1,1,8,"q8_case2",114,2048,14669531,129214,128,648,202,6,30.412419
1,1,8,"q8_case2",115,2048,14800031,130500,128,646,202,6,30.654732
1,1,8,"q8_case2",116,2048,14929647,129616,128,644,201,6,30.894984
1,1,8,"q8_case2",117,2048,15060063,130416,128,642,201,6,31.142354
1,1,8,"q8_case2",118,2048,15187175,127112,128,640,200,6,31.379279
1,1,8,"q8_case2",119,2048,15317529,130354,128,638,200,6,31.617881
1,1,8,"q8_case2",120,2048,15447472,129943,128,636,199,6,31.860275
1,1,8,"q8_case2",121,2048,15577962,130490,128,634,199,6,32.104394
1,1,8,"q8_case2",122,2048,15701802,123840,128,632,198,6,32.337717
1,1,8,"q8_case2",123,2048,15832214,130412,128,630,198,6,32.582052
1,1,8,"q8_case2",124,2048,15962621,130407,128,628,198,6,32.833872
1,1,8,"q8_case2",125,2048,16093230,130609,128,626,197,6,33.074871
1,1,8,"q8_case2",126,2048,16224049,130819,128,624,197,6,33.309618
1,1,8,"q8_case2",127,2048,16354512,130463,128,622,197,6,33.544592
1,1,8,"q8_case2",128,2048,16485216,130704,128,620,197,6,33.779470
1,1,8,"q8_case2",129,2048,16615920,130704,128,618,197,6,34.015695
1,1,8,"q8_case2",130,2048,16746560,130640,128,616,197,6,34.252295
1,1,8,"q8_case2",131,2048,16877184,130624,128,614,196,6,34.489741
1,1,8,"q8_case2",132,2048,17007841,130657,128,612,196,6,34.725382
1,1,8,"q8_case2",133,2048,17138445,130604,128,610,196,6,34.960934
1,1,8,"q8_case2",134,2048,17269053,130608,128,608,195,6,35.194259
1,1,8,"q8_case2",135,2048,17399711,130658,128,606,195,6,35.428304
1,1,8,"q8_case2",136,2048,17530078,130367,128,604,194,6,35.664068
1,1,8,"q8_case2",137,2048,17660652,130574,128,602,194,6,35.896282
1,1,8,"q8_case2",138,2048,17791035,130383,128,600,194,6,36.135906
1,1,8,"q8_case2",139,2048,17921512,130477,128,598,194,6,36.372090
1,1,8,"q8_case2",140,2048,18052105,130593,128,596,193,6,36.604609
1,1,8,"q8_case2",141,2048,18182679,130574,128,594,193,6,36.842587
1,1,8,"q8_case2",142,2048,18312996,130317,128,592,193,6,37.079229
1,1,8,"q8_case2",143,2048,18443506,130510,128,590,193,6,37.312643
1,1,8,"q8_case2",144,2048,18574135,130629,128,588,193,6,37.548060
1,1,8,"q8_case2",145,2048,18704736,130601,128,586,193,6,37.787467
1,1,8,"q8_case2",146,2048,18835291,130555,128,584,193,6,38.022534
1,1,8,"q8_case2",147,2048,18965796,130505,128,582,193,6,38.261190
1,1,8,"q8_case2",148,2048,19096287,130491,128,580,193,6,38.501970
1,1,8,"q8_case2",149,2048,19226948,130661,128,578,193,6,38.742695
1,1,8,"q8_case2",150,2048,19357566,130618,128,576,192,6,39.021591
1,1,8,"q8_case2",151,2048,19488164,130598,128,574,192,6,42.095980
1,1,8,"q8_case2",152,2048,19611421,123257,128,572,191,6,42.333276
1,1,8,"q8_case2",153,2048,19741718,130297,128,570,190,6,42.603584
1,1,8,"q8_case2",154,2048,19872272,130554,128,568,190,6,42.838610
1,1,8,"q8_case2",155,2048,19999186,126914,128,566,189,6,43.063655
1,1,8,"q8_case2",156,2048,20129430,130244,128,564,188,6,43.291350
1,1,8,"q8_case2",157,2048,20259522,130092,128,562,188,6,43.516223
1,1,8,"q8_case2",158,2048,20384047,124525,128,560,187,6,43.779352
1,1,8,"q8_case2",159,2048,20514491,130444,128,558,187,6,44.036676
1,1,8,"q8_case2",160,2048,20645004,130513,128,556,187,6,44.263858
1,1,8,"q8_case2",161,2048,20775561,130557,128,554,187,6,44.480417
1,1,8,"q8_case2",162,2048,20906261,130700,128,552,187,6,44.702101
1,1,8,"q8_case2",163,2048,21036880,130619,128,550,187,6,44.926325
1,1,8,"q8_case2",164,2048,21167444,130564,128,548,187,6,45.146531
1,1,8,"q8_case2",165,2048,21297974,130530,128,546,187,6,45.365272
1,1,8,"q8_case2",166,2048,21428593,130619,128,544,187,6,45.582442
1,1,8,"q8_case2",167,2048,21559188,130595,128,542,187,6,45.817438
1,1,8,"q8_case2",168,2048,21689860,130672,128,540,186,6,46.066286
1,1,8,"q8_case2",169,2048,21820564,130704,128,538,186,6,46.292760
1,1,8,"q8_case2",170,2048,21951179,130615,128,536,185,6,46.512197
1,1,8,"q8_case2",171,2048,22082003,130824,128,534,185,6,46.730047
1,1,8,"q8_case2",172,2048,22212453,130450,128,532,185,6,46.955532
1,1,8,"q8_case2",173,2048,22343107,130654,128,530,184,6,47.180740
1,1,8,"q8_case2",174,2048,22473878,130771,128,528,184,6,47.400458
1,1,8,"q8_case2",175,2048,22599495,125617,128,526,183,6,47.615502
1,1,8,"q8_case2",176,2048,22730198,130703,128,524,183,6,47.849144
1,1,8,"q8_case2",177,2048,22860754,130556,128,522,183,6,48.089615
1,1,8,"q8_case2",178,2048,22991455,130701,128,520,183,6,48.311067
1,1,8,"q8_case2",179,2048,23122229,130774,128,518,183,6,48.532367
1,1,8,"q8_case2",180,2048,23252958,130729,128,516,183,6,48.763949
1,1,8,"q8_case2",181,2048,23383743,130785,128,514,183,6,48.993331
1,1,8,"q8_case2",182,2048,23514526,130783,128,512,182,6,49.213642
1,1,8,"q8_case2",183,2048,23645320,130794,128,510,182,6,49.436122
1,1,8,"q8_case2",184,2048,23771804,126484,128,508,181,6,49.653703
1,1,8,"q8_case2",185,2048,23902454,130650,128,506,181,6,49.895061
1,1,8,"q8_case2",186,2048,24032937,130483,128,504,181,6,50.122119
1,1,8,"q8_case2",187,2048,24163475,130538,128,502,181,6,50.343675
1,1,8,"q8_case2",188,2048,24294138,130663,128,500,181,5,50.567222
1,1,8,"q8_case2",189,2048,24424770,130632,128,498,181,5,50.816586
1,1,8,"q8_case2",190,2048,24553646,128876,128,496,180,5,51.050820
1,1,8,"q8_case2",191,2048,24684014,130368,128,494,180,5,51.285457
1,1,8,"q8_case2",192,2048,24813863,129849,128,492,179,5,51.512091
1,1,8,"q8_case2",193,2048,24944203,130340,128,490,179,5,51.735523
1,1,8,"q8_case2",194,2048,25073987,129784,128,488,178,5,52.000095
1,1,8,"q8_case2",195,2048,25204331,130344,128,486,178,5,52.222606
1,1,8,"q8_case2",196,2048,25333344,129013,128,484,178,5,52.441862
1,1,8,"q8_case2",197,2048,25463738,130394,128,482,177,5,52.663846
1,1,8,"q8_case2",198,2048,25594310,130572,128,480,176,5,52.899459
1,1,8,"q8_case2",199,2048,25723890,129580,128,478,176,5,53.143803
1,1,8,"q8_case2",200,2048,25852742,128852,128,476,175,5,53.399940
1,1,8,"q8_case2",201,2048,25983190,130448,128,474,175,5,53.658117
1,1,8,"q8_case2",202,2048,26112228,129038,128,472,175,5,53.937343
1,1,8,"q8_case2",203,2048,26242670,130442,128,470,174,5,54.182902
1,1,8,"q8_case2",204,2048,26373291,130621,128,468,174,5,54.407543
1,1,8,"q8_case2",205,2048,26502856,129565,128,466,174,5,54.641020
1,1,8,"q8_case2",206,2048,26633312,130456,128,464,174,5,54.868471
1,1,8,"q8_case2",207,2048,26763957,130645,128,462,174,5,55.105560
1,1,8,"q8_case2",208,2048,26894538,130581,128,460,174,5,55.341018
1,1,8,"q8_case2",209,2048,27025055,130517,128,458,174,5,55.586011
1,1,8,"q8_case2",210,2048,27155576,130521,128,456,174,5,55.816440
1,1,8,"q8_case2",211,2048,27286121,130545,128,454,174,5,56.065252
1,1,8,"q8_case2",212,2048,27416641,130520,128,452,174,5,56.291199
1,1,8,"q8_case2",213,2048,27547131,130490,128,450,174,5,56.526142
1,1,8,"q8_case2",214,2048,27677590,130459,128,448,174,5,56.762089
1,1,8,"q8_case2",215,2048,27808084,130494,128,446,174,5,56.992081
1,1,8,"q8_case2",216,2048,27938562,130478,128,444,173,5,57.223823
1,1,8,"q8_case2",217,2048,28069065,130503,128,442,173,5,57.448972
1,1,8,"q8_case2",218,2048,28199054,129989,128,440,172,5,57.678311
1,1,8,"q8_case2",219,2048,28329591,130537,128,438,171,5,57.937646
1,1,8,"q8_case2",220,2048,28460011,130420,128,436,170,5,58.182039
1,1,8,"q8_case2",221,2048,28589040,129029,128,434,170,5,58.418860
1,1,8,"q8_case2",222,2048,28718101,129061,128,432,169,5,58.655142
1,1,8,"q8_case2",223,2048,28848638,130537,128,430,168,5,58.893218
1,1,8,"q8_case2",224,2048,28979005,130367,128,428,168,5,59.130538
1,1,8,"q8_case2",225,2048,29108175,129170,128,426,167,5,59.356756
1,1,8,"q8_case2",226,2048,29238702,130527,128,424,167,5,59.584644
1,1,8,"q8_case2",227,2048,29368958,130256,128,422,166,5,59.828759
1,1,8,"q8_case2",228,2048,29499454,130496,128,420,165,5,60.083111
1,1,8,"q8_case2",229,2048,29629764,130310,128,418,165,5,60.317987
1,1,8,"q8_case2",230,2048,29759982,130218,128,416,164,5,60.546610
1,1,8,"q8_case2",231,2048,29890503,130521,128,414,164,5,60.775761
1,1,8,"q8_case2",232,2048,30020457,129954,128,412,164,5,61.005893
1,1,8,"q8_case2",233,2048,30150791,130334,128,410,163,5,61.243551
1,1,8,"q8_case2",234,2048,30281283,130492,128,408,162,5,61.470619
1,1,8,"q8_case2",235,2048,30410831,129548,128,406,162,5,61.707610
1,1,8,"q8_case2",236,2048,30539958,129127,128,404,161,5,61.955469
1,1,8,"q8_case2",237,2048,30670353,130395,128,402,161,5,62.207773
1,1,8,"q8_case2",238,2048,30800702,130349,128,400,160,5,62.455107
1,1,8,"q8_case2",239,2048,30931116,130414,128,398,160,5,62.725303
1,1,8,"q8_case2",240,2048,31061343,130227,128,396,160,5,62.999478
1,1,8,"q8_case2",241,2048,31191774,130431,128,394,160,5,63.264371
1,1,8,"q8_case2",242,2048,31322299,130525,128,392,160,5,63.499584
1,1,8,"q8_case2",243,2048,31452762,130463,128,390,160,5,63.743594
1,1,8,"q8_case2",244,2048,31583185,130423,128,388,160,5,64.008983
1,1,8,"q8_case2",245,2048,31713615,130430,128,386,160,5,64.245308
1,1,8,"q8_case2",246,2048,31844145,130530,128,384,160,5,64.476693
1,1,8,"q8_case2",247,2048,31974583,130438,128,382,160,5,64.708460
1,1,8,"q8_case2",248,2048,32104969,130386,128,380,159,5,64.944669
1,1,8,"q8_case2",249,2048,32235347,130378,128,378,158,5,65.181152
1,1,8,"q8_case2",250,2048,32365669,130322,128,376,158,5,65.419403
1,1,8,"q8_case2",251,2048,32495328,129659,128,374,157,5,65.650810
1,1,8,"q8_case2",252,2048,32625896,130568,128,372,156,5,65.892962
1,1,8,"q8_case2",253,2048,32756439,130543,128,370,156,5,66.131686
1,1,8,"q8_case2",254,2048,32886498,130059,128,368,155,5,66.369939
1,1,8,"q8_case2",255,2048,33016969,130471,128,366,155,5,66.609886
1,1,8,"q8_case2",256,2048,33147411,130442,128,364,154,5,66.853729
1,1,8,"q8_case2",257,2048,33278055,130644,128,362,154,5,67.091761
1,1,8,"q8_case2",258,2048,33408436,130381,128,360,153,5,67.328300
1,1,8,"q8_case2",259,2048,33538938,130502,128,358,153,5,67.563992
1,1,8,"q8_case2",260,2048,33668975,130037,128,356,152,5,67.808474
1,1,8,"q8_case2",261,2048,33799515,130540,128,354,151,5,68.062415
1,1,8,"q8_case2",262,2048,33929923,130408,128,352,151,5,68.302355
1,1,8,"q8_case2",263,2048,34060429,130506,128,350,150,5,68.535435
1,1,8,"q8_case2",264,2048,34190644,130215,128,348,150,5,68.778355
1,1,8,"q8_case2",265,2048,34320722,130078,128,346,148,5,69.025124
1,1,8,"q8_case2",266,2048,34451067,130345,128,344,148,5,69.269397
1,1,8,"q8_case2",267,2048,34581411,130344,128,342,147,5,69.507283
1,1,8,"q8_case2",268,2048,34711418,130007,128,340,146,5,69.752426
1,1,8,"q8_case2",269,2048,34841793,130375,128,338,146,5,70.008456
1,1,8,"q8_case2",270,2048,34972242,130449,128,336,145,5,70.257904
1,1,8,"q8_case2",271,2048,35102457,130215,128,334,145,5,70.507531
1,1,8,"q8_case2",272,2048,35232806,130349,128,332,144,5,70.752780
1,1,8,"q8_case2",273,2048,35363237,130431,128,330,143,5,70.990595
1,1,8,"q8_case2",274,2048,35493430,130193,128,328,143,5,71.230583
1,1,8,"q8_case2",275,2048,35623840,130410,128,326,142,5,71.474951
1,1,8,"q8_case2",276,2048,35754231,130391,128,324,142,5,71.717973
1,1,8,"q8_case2",277,2048,35884625,130394,128,322,141,5,71.963619
1,1,8,"q8_case2",278,2048,36014947,130322,128,320,141,5,72.224687
1,1,8,"q8_case2",279,2048,36145301,130354,128,318,140,5,72.481615
1,1,8,"q8_case2",280,2048,36275524,130223,128,316,140,5,72.741366
1,1,8,"q8_case2",281,2048,36405879,130355,128,314,140,5,72.992011
1,1,8,"q8_case2",282,2048,36536289,130410,128,312,139,5,73.245196
1,1,8,"q8_case2",283,2048,36666674,130385,128,310,139,5,73.501634
1,1,8,"q8_case2",284,2048,36797066,130392,128,308,138,5,73.763353
1,1,8,"q8_case2",285,2048,36927427,130361,128,306,138,5,74.013321
1,1,8,"q8_case2",286,2048,37057788,130361,128,304,137,5,74.267521
1,1,8,"q8_case2",287,2048,37188057,130269,128,302,137,5,74.522240
1,1,8,"q8_case2",288,2048,37318281,130224,128,300,137,5,74.783411
1,1,8,"q8_case2",289,2048,37448436,130155,128,298,137,5,75.035428
1,1,8,"q8_case2",290,2048,37578632,130196,128,298,137,4,75.289224
1,1,8,"q8_case2",291,2048,37708808,130176,128,296,137,4,75.542195
1,1,8,"q8_case2",292,2048,37838919,130111,128,294,137,4,75.807839
1,1,8,"q8_case2",293,2048,37968932,130013,128,292,137,4,76.051859
1,1,8,"q8_case2",294,2048,38098977,130045,128,290,137,4,76.291109
1,1,8,"q8_case2",295,2048,38228741,129764,128,290,133,4,76.536424
1,1,8,"q8_case2",296,2048,38358822,130081,128,288,133,4,76.805930
1,1,8,"q8_case2",297,2048,38489140,130318,128,286,133,4,77.047834
1,1,8,"q8_case2",298,2048,38619167,130027,128,284,133,4,77.288152
1,1,8,"q8_case2",299,2048,38749047,129880,128,284,131,4,77.531966
1,1,8,"q8_case2",300,2048,38876614,127567,128,282,131,4,77.774731
1,1,8,"q8_case2",301,2048,39007123,130509,128,280,130,4,78.033276
1,1,8,"q8_case2",302,2048,39137519,130396,128,278,130,4,78.275132
1,1,8,"q8_case2",303,2048,39267395,129876,128,276,130,4,78.525569
1,1,8,"q8_case2",304,2048,39396853,129458,128,274,130,4,78.784076
1,1,8,"q8_case2",305,2048,39526113,129260,128,274,128,4,84.812579
1,1,8,"q8_case2",306,2048,39655052,128939,128,272,127,4,85.031253
1,1,8,"q8_case2",307,2048,39785804,130752,128,270,127,4,85.253017
1,1,8,"q8_case2",308,2048,39915516,129712,128,268,127,4,85.468598
1,1,8,"q8_case2",309,2048,40045178,129662,128,266,127,4,85.690121
1,1,8,"q8_case2",310,2048,40174730,129552,128,264,128,4,85.928572
1,1,8,"q8_case2",311,2048,40304109,129379,128,264,124,4,86.171472
1,1,8,"q8_case2",312,2048,40433434,129325,128,262,124,4,86.400229
1,1,8,"q8_case2",313,2048,40563598,130164,128,260,124,4,86.633720
1,1,8,"q8_case2",314,2048,40693572,129974,128,258,124,4,86.858302
1,1,8,"q8_case2",315,2048,40823178,129606,128,256,125,4,87.078844
1,1,8,"q8_case2",316,2048,40949656,126478,128,256,122,4,87.294021
1,1,8,"q8_case2",317,2048,41077947,128291,128,254,121,4,87.516057
1,1,8,"q8_case2",318,2048,41208464,130517,128,252,122,4,87.750925
1,1,8,"q8_case2",319,2048,41338353,129889,128,250,122,4,87.980787
1,1,8,"q8_case2",320,2048,41468225,129872,128,248,121,4,88.219940
1,1,8,"q8_case2",321,2048,41597980,129755,128,246,122,4,88.449720
1,1,8,"q8_case2",322,2048,41725074,127094,128,246,119,4,88.681299
1,1,8,"q8_case2",323,2048,41852667,127593,128,244,118,4,88.909319
1,1,8,"q8_case2",324,2048,41982659,129992,128,242,119,4,89.144627
1,1,8,"q8_case2",325,2048,42112565,129906,128,240,119,4,89.377851
1,1,8,"q8_case2",326,2048,42242063,129498,128,238,120,4,89.615801
1,1,8,"q8_case2",327,2048,42370057,127994,128,238,116,4,89.850239
1,1,8,"q8_case2",328,2048,42496827,126770,128,236,116,4,90.095799
1,1,8,"q8_case2",329,2048,42626945,130118,128,234,117,4,90.328747
1,1,8,"q8_case2",330,2048,42756848,129903,128,232,118,4,90.549891
1,1,8,"q8_case2",331,2048,42886204,129356,128,232,114,4,90.786304
1,1,8,"q8_case2",332,2048,43014142,127938,128,230,114,4,91.004990
1,1,8,"q8_case2",333,2048,43143813,129671,128,228,115,4,91.230900
1,1,8,"q8_case2",334,2048,43273112,129299,128,226,117,4,91.461206
1,1,8,"q8_case2",335,2048,43402344,129232,128,226,112,4,91.753352
1,1,8,"q8_case2",336,2048,43527733,125389,128,224,113,4,91.976494
1,1,8,"q8_case2",337,2048,43657056,129323,128,222,114,4,92.240792
1,1,8,"q8_case2",338,2048,43785688,128632,128,220,114,4,92.498032
1,1,8,"q8_case2",339,2048,43914745,129057,128,220,111,4,92.770057
1,1,8,"q8_case2",340,2048,44040245,125500,128,218,112,4,93.053546
1,1,8,"q8_case2",341,2048,44170124,129879,128,216,111,4,93.361941
1,1,8,"q8_case2",342,2048,44300664,130540,128,216,110,4,93.660060
1,1,8,"q8_case2",343,2048,44429179,128515,128,214,109,4,93.890024
1,1,8,"q8_case2",344,2048,44559591,130412,128,212,109,4,94.176484
1,1,8,"q8_case2",345,2048,44689787,130196,128,210,108,4,94.463358
1,1,8,"q8_case2",346,2048,44819239,129452,128,210,107,4,94.736771
1,1,8,"q8_case2",347,2048,44944105,124866,128,208,106,4,94.998849
1,1,8,"q8_case2",348,2048,45074556,130451,128,206,105,4,95.272973
1,1,8,"q8_case2",349,2048,45204299,129743,128,206,104,4,95.505193
1,1,8,"q8_case2",350,2048,45333962,129663,128,204,103,4,95.774352
1,1,8,"q8_case2",351,2048,45464357,130395,128,202,103,4,96.033403
1,1,8,"q8_case2",352,2048,45593803,129446,128,202,101,4,96.296090
1,1,8,"q8_case2",353,2048,45721682,127879,128,200,101,4,96.585312
1,1,8,"q8_case2",354,2048,45851657,129975,128,198,101,4,96.842889
1,1,8,"q8_case2",355,2048,45981342,129685,128,198,99,4,97.068208
1,1,8,"q8_case2",356,2048,46110706,129364,128,196,99,4,97.336918
1,1,8,"q8_case2",357,2048,46239876,129170,128,194,99,4,97.593051
1,1,8,"q8_case2",358,2048,46369704,129828,128,194,97,4,97.844137
1,1,8,"q8_case2",359,2048,46494446,124742,128,192,97,4,98.100812
1,1,8,"q8_case2",360,2048,46623862,129416,128,190,97,4,98.386837
1,1,8,"q8_case2",361,2048,46753084,129222,128,190,95,4,98.627029
1,1,8,"q8_case2",362,2048,46882080,128996,128,188,95,4,98.898934
1,1,8,"q8_case2",363,2048,47011456,129376,128,188,93,4,99.157975
1,1,8,"q8_case2",364,2048,47140534,129078,128,186,93,4,99.389835
1,1,8,"q8_case2",365,2048,47270341,129807,128,184,94,4,99.648973
1,1,8,"q8_case2",366,2048,47399502,129161,128,182,93,4,99.925368
1,1,8,"q8_case2",367,2048,47523333,123831,128,182,92,4,100.183647
1,1,8,"q8_case2",368,2048,47647960,124627,128,180,91,4,100.447637
1,1,8,"q8_case2",369,2048,47778067,130107,128,178,91,4,100.713193
1,1,8,"q8_case2",370,2048,47907260,129193,128,178,89,4,100.975711
1,1,8,"q8_case2",371,2048,48035829,128569,128,176,89,4,101.249563
1,1,8,"q8_case2",372,2048,48165460,129631,128,176,88,4,101.529035
1,1,8,"q8_case2",373,2048,48294644,129184,128,174,88,4,101.762217
1,1,8,"q8_case2",374,2048,48424931,130287,128,174,87,4,102.030386
1,1,8,"q8_case2",375,2048,48553089,128158,128,172,86,4,102.302697
1,1,8,"q8_case2",376,2048,48683327,130238,128,170,86,4,102.541625
1,1,8,"q8_case2",377,2048,48812634,129307,128,170,85,4,102.800874
1,1,8,"q8_case2",378,2048,48940733,128099,128,168,84,4,103.088648
1,1,8,"q8_case2",379,2048,49071025,130292,128,166,84,4,103.329014
1,1,8,"q8_case2",380,2048,49200141,129116,128,166,83,4,103.596973
1,1,8,"q8_case2",381,2048,49326066,125925,128,164,82,4,103.873233
1,1,8,"q8_case2",382,2048,49455680,129614,128,164,81,4,104.112570
1,1,8,"q8_case2",383,2048,49583873,128193,128,162,80,4,104.388202
1,1,8,"q8_case2",384,2048,49713896,130023,128,162,79,4,104.655731
1,1,8,"q8_case2",385,2048,49841018,127122,128,160,80,4,104.895399
1,1,8,"q8_case2",386,2048,49970682,129664,128,160,78,4,105.162655
1,1,8,"q8_case2",387,2048,50100220,129538,128,160,77,4,105.438969
1,1,8,"q8_case2",388,2048,50230455,130235,128,158,77,4,105.671098
1,1,8,"q8_case2",389,2048,50360123,129668,128,158,76,4,105.954363
1,1,8,"q8_case2",390,2048,50482994,122871,128,156,77,4,106.232215
1,1,8,"q8_case2",391,2048,50612788,129794,128,154,76,4,106.482763
1,1,8,"q8_case2",392,2048,50742760,129972,128,152,75,4,106.751876
1,1,8,"q8_case2",393,2048,50870901,128141,128,152,74,4,107.030579
1,1,8,"q8_case2",394,2048,50994744,123843,128,150,73,4,107.255358
1,1,8,"q8_case2",395,2048,51124649,129905,128,148,72,4,107.525276
1,1,8,"q8_case2",396,2048,51253239,128590,128,148,71,4,107.797208
1,1,8,"q8_case2",397,2048,51378635,125396,128,146,70,4,108.031479
1,1,8,"q8_case2",398,2048,51508427,129792,128,144,70,4,108.290602
1,1,8,"q8_case2",399,2048,51637541,129114,128,144,69,4,108.577348
1,1,8,"q8_case2",400,2048,51765628,128087,128,142,69,4,108.817284
1,1,8,"q8_case2",401,2048,51895542,129914,128,142,68,4,109.091424
1,1,8,"q8_case2",402,2048,52022960,127418,128,140,68,4,109.357028
1,1,8,"q8_case2",403,2048,52152737,129777,128,140,67,4,109.589082
1,1,8,"q8_case2",404,2048,52281992,129255,128,138,68,4,109.854604
1,1,8,"q8_case2",405,2048,52411612,129620,128,138,67,4,110.137197
1,1,8,"q8_case2",406,2048,52540382,128770,128,136,66,4,110.370012
1,1,8,"q8_case2",407,2048,52670703,130321,128,136,65,4,110.643627
1,1,8,"q8_case2",408,2048,52798883,128180,128,134,66,4,110.929606
1,1,8,"q8_case2",409,2048,52928961,130078,128,134,65,4,111.167229
1,1,8,"q8_case2",410,2048,53057174,128213,128,132,64,4,111.438262
1,1,8,"q8_case2",411,2048,53187365,130191,128,132,63,4,111.734188
1,1,8,"q8_case2",412,2048,53312506,125141,128,130,64,4,112.013277
1,1,8,"q8_case2",413,2048,53442306,129800,128,128,64,4,112.307272
1,1,8,"q8_case2",414,2048,53571864,129558,128,128,62,4,112.586764
1,1,8,"q8_case2",415,2048,53695093,123229,128,126,63,4,112.820730
1,1,8,"q8_case2",416,2048,53825142,130049,128,124,63,4,113.093455
1,1,8,"q8_case2",417,2048,53955153,130011,128,124,62,4,113.374889
1,1,8,"q8_case2",418,2048,54082859,127706,128,122,62,4,113.631948
1,1,8,"q8_case2",419,2048,54212650,129791,128,120,63,4,113.911632
1,1,8,"q8_case2",420,2048,54341972,129322,128,120,62,4,114.197300
1,1,8,"q8_case2",421,2048,54465793,123821,128,118,61,4,114.444723
1,1,8,"q8_case2",422,2048,54595787,129994,128,118,60,4,114.744632
1,1,8,"q8_case2",423,2048,54724852,129065,128,116,61,4,115.003476
1,1,8,"q8_case2",424,2048,54854506,129654,128,116,60,4,115.299362
1,1,8,"q8_case2",425,2048,54982716,128210,128,114,61,4,115.583545
1,1,8,"q8_case2",426,2048,55112956,130240,128,114,62,3,115.845852
1,1,8,"q8_case2",427,2048,55239914,126958,128,112,60,3,116.126142
1,1,8,"q8_case2",428,2048,55367183,127269,128,110,62,4,116.409718
1,1,8,"q8_case2",429,2048,55491800,124617,128,110,60,3,116.675976
1,1,8,"q8_case2",430,2048,55616754,124954,128,108,58,3,116.959977
1,1,8,"q8_case2",431,2048,55746885,130131,128,106,61,4,117.222341
1,1,8,"q8_case2",432,2048,55871863,124978,128,106,58,3,117.474834
1,1,8,"q8_case2",433,2048,55996877,125014,128,104,59,3,117.754707
1,1,8,"q8_case2",434,2048,56126638,129761,128,102,59,4,118.011594
1,1,8,"q8_case2",435,2048,56252492,125854,128,102,59,3,118.293474
1,1,8,"q8_case2",436,2048,56377812,125320,128,100,59,4,118.552664
1,1,8,"q8_case2",437,2048,56507105,129293,128,100,59,3,118.802628
1,1,8,"q8_case2",438,2048,56636159,129054,128,100,58,3,119.069981
1,1,8,"q8_case2",439,2048,56765678,129519,128,100,57,3,119.355013
1,1,8,"q8_case2",440,2048,56895884,130206,128,100,56,3,119.603082
1,1,8,"q8_case2",441,2048,57026392,130508,128,100,55,3,119.874750
1,1,8,"q8_case2",442,2048,57156879,130487,128,100,54,3,120.159403
1,1,8,"q8_case2",443,2048,57287323,130444,128,100,53,3,120.413241
1,1,8,"q8_case2",444,2048,57417797,130474,128,100,52,3,120.718025
1,1,8,"q8_case2",445,2048,57548310,130513,128,100,51,3,121.006638
1,1,8,"q8_case2",446,2048,57678859,130549,128,100,50,3,121.263690
1,1,8,"q8_case2",447,2048,57809428,130569,128,100,49,3,121.561051
1,1,8,"q8_case2",448,2048,57939977,130549,128,100,48,3,121.829774
1,1,8,"q8_case2",449,2048,58070494,130517,128,100,47,3,122.085644
1,1,8,"q8_case2",450,2048,58200956,130462,128,100,46,3,122.385374
1,1,8,"q8_case2",451,2048,58331442,130486,128,100,45,3,122.642285
1,1,8,"q8_case2",452,2048,58461893,130451,128,100,44,3,122.927438
1,1,8,"q8_case2",453,2048,58592437,130544,128,100,43,3,123.192804
1,1,8,"q8_case2",454,2048,58723020,130583,128,100,42,3,123.446939
1,1,8,"q8_case2",455,2048,58853560,130540,128,100,41,3,123.736938
1,1,8,"q8_case2",456,2048,58984015,130455,128,100,40,3,124.012060
1,1,8,"q8_case2",457,2048,59114373,130358,128,98,41,3,124.284517
1,1,8,"q8_case2",458,2048,59244744,130371,128,98,40,3,124.576742
1,1,8,"q8_case2",459,2048,59371971,127227,128,96,41,3,124.842577
1,1,8,"q8_case2",460,2048,59502220,130249,128,94,40,3,125.075912
1,1,8,"q8_case2",461,2048,59631860,129640,128,94,39,3,125.353654
1,1,8,"q8_case2",462,2048,59759007,127147,128,92,40,3,125.636528
1,1,8,"q8_case2",463,2048,59888941,129934,128,92,39,3,125.876251
1,1,8,"q8_case2",464,2048,60018240,129299,128,90,40,3,126.150895
1,1,8,"q8_case2",465,2048,60148672,130432,128,90,39,3,126.445332
1,1,8,"q8_case2",466,2048,60276891,128219,128,88,40,3,126.696247
1,1,8,"q8_case2",467,2048,60406985,130094,128,88,39,3,126.959151
1,1,8,"q8_case2",468,2048,60534367,127382,128,86,40,3,127.236357
1,1,8,"q8_case2",469,2048,60664669,130302,128,86,39,3,127.504615
1,1,8,"q8_case2",470,2048,60793758,129089,128,84,40,3,127.786513
1,1,8,"q8_case2",471,2048,60924167,130409,128,84,39,3,128.073184
1,1,8,"q8_case2",472,2048,61051520,127353,128,82,40,3,128.350419
1,1,8,"q8_case2",473,2048,61181727,130207,128,82,39,3,128.619482
1,1,8,"q8_case2",474,2048,61310235,128508,128,80,38,3,128.868265
1,1,8,"q8_case2",475,2048,61440485,130250,128,80,37,3,129.159555
1,1,8,"q8_case2",476,2048,61568080,127595,128,78,38,3,129.436629
1,1,8,"q8_case2",477,2048,61697857,129777,128,76,38,3,129.682780
1,1,8,"q8_case2",478,2048,61825485,127628,128,76,37,3,129.967090
1,1,8,"q8_case2",479,2048,61953378,127893,128,74,38,3,130.260049
1,1,8,"q8_case2",480,2048,62083263,129885,128,74,37,3,130.570437
1,1,8,"q8_case2",481,2048,62210085,126822,128,72,39,3,130.863806
1,1,8,"q8_case2",482,2048,62340092,130007,128,72,36,3,131.123669
1,1,8,"q8_case2",483,2048,62466983,126891,128,70,38,3,131.395608
1,1,8,"q8_case2",484,2048,62596004,129021,128,70,36,3,131.683604
1,1,8,"q8_case2",485,2048,62722966,126962,128,68,36,3,131.944689
1,1,8,"q8_case2",486,2048,62852825,129859,128,68,35,3,132.249216
1,1,8,"q8_case2",487,2048,62979788,126963,128,66,34,3,132.514262
1,1,8,"q8_case2",488,2048,63109775,129987,128,66,33,3,132.783293
1,1,8,"q8_case2",489,2048,63236686,126911,128,64,34,3,133.068823
1,1,8,"q8_case2",490,2048,63366414,129728,128,64,33,3,133.334469
1,1,8,"q8_case2",491,2048,63495008,128594,128,64,32,3,133.631042
1,1,8,"q8_case2",492,2048,63624694,129686,128,62,32,3,133.900476
1,1,8,"q8_case2",493,2048,63754840,130146,128,62,31,3,134.175661
1,1,8,"q8_case2",494,2048,63883602,128762,128,60,32,3,134.454247
1,1,8,"q8_case2",495,2048,64013332,129730,128,60,31,3,134.705990
1,1,8,"q8_case2",496,2048,64142181,128849,128,60,30,3,135.005782
1,1,8,"q8_case2",497,2048,64271953,129772,128,58,30,3,135.288598
1,1,8,"q8_case2",498,2048,64402190,130237,128,58,29,3,135.534509
1,1,8,"q8_case2",499,2048,64531203,129013,128,56,30,3,135.836976
1,1,8,"q8_case2",500,2048,64660912,129709,128,56,29,3,136.112615
1,1,8,"q8_case2",501,2048,64788773,127861,128,54,28,3,136.377696
1,1,8,"q8_case2",502,2048,64918955,130182,128,54,27,3,136.677888
1,1,8,"q8_case2",503,2048,65047331,128376,128,52,26,3,136.968379
1,1,8,"q8_case2",504,2048,65177493,130162,128,52,25,3,137.237323
1,1,8,"q8_case2",505,2048,65306506,129013,128,50,26,3,137.551361
1,1,8,"q8_case2",506,2048,65436192,129686,128,48,24,3,137.868458
1,1,8,"q8_case2",507,2048,65566104,129912,128,48,23,3,138.126853
1,1,8,"q8_case2",508,2048,65695278,129174,128,46,24,3,138.418635
1,1,8,"q8_case2",509,2048,65824301,129023,128,46,23,3,138.716719
1,1,8,"q8_case2",510,2048,65952860,128559,128,44,22,3,139.002855
1,1,8,"q8_case2",511,2048,66082955,130095,128,44,21,3,139.263925
1,1,8,"q8_case2",512,2048,66211206,128251,128,42,23,3,139.550808
1,1,8,"q8_case2",513,2048,66340858,129652,128,40,24,3,139.846965
1,1,8,"q8_case2",514,2048,66469979,129121,128,38,23,3,140.093670
1,1,8,"q8_case2",515,2048,66598583,128604,128,38,22,3,140.381650
1,1,8,"q8_case2",516,2048,66728119,129536,128,36,23,3,140.679555
1,1,8,"q8_case2",517,2048,66857585,129466,128,36,22,3,140.984538
1,1,8,"q8_case2",518,2048,66987211,129626,128,34,21,3,141.296990
1,1,8,"q8_case2",519,2048,67116908,129697,128,34,20,3,141.593673
1,1,8,"q8_case2",520,2048,67246770,129862,128,34,19,3,141.890960
1,1,8,"q8_case2",521,2048,67376323,129553,128,32,21,3,142.194267
1,1,8,"q8_case2",522,2048,67506401,130078,128,32,20,3,142.461704
1,1,8,"q8_case2",523,2048,67636422,130021,128,30,19,3,142.758191
1,1,8,"q8_case2",524,2048,67766158,129736,128,28,18,3,143.051766
1,1,8,"q8_case2",525,2048,67896163,130005,128,28,17,3,143.341042
1,1,8,"q8_case2",526,2048,68025298,129135,128,26,18,3,143.634600
1,1,8,"q8_case2",527,2048,68155026,129728,128,24,16,3,143.882628
1,1,8,"q8_case2",528,2048,68284613,129587,128,24,15,3,144.167072
1,1,8,"q8_case2",529,2048,68414567,129954,128,24,14,3,144.454653
1,1,8,"q8_case2",530,2048,68544021,129454,128,24,13,3,144.734790
1,1,8,"q8_case2",531,2048,68674351,130330,128,24,12,3,145.023866
1,1,8,"q8_case2",532,2048,68804916,130565,128,24,11,3,145.324720
1,1,8,"q8_case2",533,2048,68935248,130332,128,24,12,3,145.593029
1,1,8,"q8_case2",534,2048,69065562,130314,128,24,11,3,145.882726
1,1,8,"q8_case2",535,2048,69196081,130519,128,24,10,3,146.184062
1,1,8,"q8_case2",536,2048,69326642,130561,128,24,11,3,146.453133
1,1,8,"q8_case2",537,2048,69456544,129902,128,22,10,3,146.751406
1,1,8,"q8_case2",538,2048,69587091,130547,128,22,9,3,147.024901
1,1,8,"q8_case2",539,2048,69717509,130418,128,22,10,3,147.314522
1,1,8,"q8_case2",540,2048,69847367,129858,128,20,9,3,147.620338
1,1,8,"q8_case2",541,2048,69977883,130516,128,20,8,3,147.920395
1,1,8,"q8_case2",542,2048,70107835,129952,128,18,9,3,148.209236
1,1,8,"q8_case2",543,2048,70238236,130401,128,18,8,3,148.483684
1,1,8,"q8_case2",544,2048,70368457,130221,128,18,13,2,148.777162
1,1,8,"q8_case2",545,2048,70498669,130212,128,16,8,3,149.062523
1,1,8,"q8_case2",546,2048,70628920,130251,128,16,7,3,149.319028
1,1,8,"q8_case2",547,2048,70759324,130404,128,16,8,3,149.626659
1,1,8,"q8_case2",548,2048,70889177,129853,128,14,9,3,149.906227
1,1,8,"q8_case2",549,2048,71019761,130584,128,14,8,3,150.251585
1,1,8,"q8_case2",550,2048,71150134,130373,128,14,11,2,150.581645
1,1,8,"q8_case2",551,2048,71280265,130131,128,12,6,3,150.897838
1,1,8,"q8_case2",552,2048,71410585,130320,128,12,5,3,151.192688
1,1,8,"q8_case2",553,2048,71541080,130495,128,12,8,2,151.460962
1,1,8,"q8_case2",554,2048,71671399,130319,128,10,7,3,151.752993
1,1,8,"q8_case2",555,2048,71801675,130276,128,10,8,2,152.060288
1,1,8,"q8_case2",556,2048,71932148,130473,128,8,5,3,152.355463
1,1,8,"q8_case2",557,2048,72062458,130310,128,8,6,2,152.670977
1,1,8,"q8_case2",558,2048,72192757,130299,128,8,5,2,152.963160
1,1,8,"q8_case2",559,2048,72323227,130470,128,6,4,2,153.269964
1,1,8,"q8_case2",560,2048,72453649,130422,128,4,4,1,153.558010
1,1,8,"q8_case2",561,2048,72584074,130425,128,2,2,1,153.828493
1,1,8,"q8_case2",562,2048,72584496,422,1,0,0,0,153.829469
