id,total_dist,state_hex,mode,astar_steps,strong_astar_steps,beam_steps,batcher_swaps,batcher_ok,astar_expanded,strong_astar_expanded,beam_expanded,astar_sec,strong_astar_sec,beam_sec,batcher_sec,case_wall_sec
0,40,0x230769F8CDE541AB,parallel_methods,21,21,21,43,1,579315,29911,62211,9.670211,0.531911,0.017667,0.000002,12.149448
1,36,0x0EC45D21A8736F9B,parallel_methods,18,18,18,42,1,309,309,52601,0.003601,0.003859,0.013230,0.000002,0.014575
2,38,0x4AB3952FD8C071E6,parallel_methods,20,20,20,38,1,52529,2381,60151,0.696761,0.020597,0.014627,0.000004,0.865166
3,34,0xCBF913D5280E64A7,parallel_methods,18,18,18,46,1,2824,38874,51633,0.012134,0.478253,0.010880,0.000002,0.575295
4,32,0xA47D90861B3FC25E,parallel_methods,18,18,18,44,1,30836,551,50627,0.283015,0.004850,0.011801,0.000002,0.355058
5,24,0xAD1F329B6CE57480,parallel_methods,17,17,17,41,1,765705,37779,47697,10.095531,0.523695,0.010003,0.000005,13.198498
6,32,0x3C498FA62E710D5B,parallel_methods,16,16,16,34,1,906,236,44180,0.004487,0.003237,0.008450,0.000026,0.009786
7,36,0x39801CD5EFA64B27,parallel_methods,19,19,19,39,1,4005,10760,55339,0.015988,0.102759,0.012060,0.000005,0.121489
8,28,0xB6D80E5A137FC942,parallel_methods,17,17,17,41,1,88475,3154,47927,1.142647,0.025163,0.010830,0.000004,1.442926
9,34,0x5E38A96B40C7D12F,parallel_methods,17,17,17,33,1,7547,4098,48093,0.048490,0.040756,0.012716,0.000003,0.056474
10,34,0xCFA4597E0B3681D2,parallel_methods,18,18,18,38,1,15192,185,51629,0.095116,0.002645,0.010293,0.000004,0.125600
11,28,0xF5E2198B0AC736D4,parallel_methods,16,16,16,36,1,11888,545,44268,0.072768,0.004499,0.009066,0.000003,0.091721
12,44,0x0AE174628BF35DC9,parallel_methods,22,22,24,42,1,2024,2726,74201,0.010119,0.022744,0.016495,0.000005,0.025695
13,32,0xD729E80FBA1C4536,parallel_methods,18,18,18,48,1,107589,3006,51118,1.773561,0.025946,0.013729,0.000004,2.171271
14,24,0xB8EA917CD25F3640,parallel_methods,15,15,15,41,1,15703,1175,39329,0.096314,0.009080,0.011368,0.000005,0.122306
15,26,0x1DB590A47CFE3682,parallel_methods,15,15,15,29,1,1957,3525,41233,0.010479,0.024222,0.009022,0.000002,0.026554
16,36,0x649BC7A38F1025DE,parallel_methods,18,18,18,38,1,18551,6429,50933,0.139821,0.058994,0.010388,0.000005,0.175334
17,30,0x98762EFDB13CA045,parallel_methods,17,17,17,45,1,13823,142,45841,0.077291,0.001776,0.009486,0.000004,0.098842
18,26,0xB96FA7D4E53C1208,parallel_methods,14,14,14,34,1,364,98,37432,0.005612,0.004420,0.010504,0.000008,0.011201
19,34,0x8954A67B0DE2FC13,parallel_methods,17,17,17,35,1,18,18,48532,0.001059,0.000873,0.009376,0.000002,0.010121
20,32,0x9EF58D01C23B6A47,parallel_methods,17,17,17,45,1,1861,17476,47589,0.007776,0.172466,0.009807,0.000003,0.201633
21,36,0xA50F8D713E4BC629,parallel_methods,20,20,20,40,1,854480,21987,58189,15.629015,0.332979,0.011761,0.000005,19.834301
22,34,0xE3B6904D582A7C1F,parallel_methods,18,18,18,38,1,36203,19,51966,0.362546,0.000868,0.010945,0.000005,0.451190
23,30,0xC2A95E1086BD37F4,parallel_methods,17,17,17,37,1,19612,593,47840,0.131931,0.005542,0.010981,0.000003,0.168533
24,30,0xC23BF910DE8675A4,parallel_methods,16,16,16,42,1,281,63,43446,0.001844,0.001292,0.008393,0.000005,0.009264
25,32,0xBAF08463D5CE9172,parallel_methods,18,18,18,42,1,57588,699,50874,0.671500,0.005187,0.010324,0.000006,0.829516
26,24,0x9C7A83F15640BED2,parallel_methods,15,15,15,39,1,20017,234,40722,0.102755,0.002197,0.008401,0.000005,0.136196
27,28,0xFC348D09267AB1E5,parallel_methods,15,15,15,43,1,330,918,41445,0.001953,0.006683,0.007883,0.000005,0.008670
28,36,0x1FE50836A92CD7B4,parallel_methods,19,19,19,45,1,45920,28384,54342,0.623570,0.423177,0.010793,0.000002,0.756800
29,32,0x89065A437EFDBC21,parallel_methods,16,16,16,34,1,901,1195,45044,0.003779,0.008444,0.009507,0.000003,0.010289
30,28,0xF5DEB1A639807C24,parallel_methods,16,16,16,40,1,10853,351,44581,0.056524,0.004235,0.009029,0.000002,0.069336
31,30,0xB479F1D8A036CE25,parallel_methods,17,17,17,39,1,21847,610,47424,0.181016,0.004829,0.009244,0.000005,0.222439
32,36,0x792D081F45C3EB6A,parallel_methods,19,19,19,51,1,11321,4016,55112,0.065746,0.029289,0.010846,0.000003,0.080048
33,26,0xE748A2DB6C0519F3,parallel_methods,15,15,15,37,1,6125,760,39697,0.021403,0.005458,0.007654,0.000022,0.025079
34,30,0xF54B827AE39D60C1,parallel_methods,17,17,17,39,1,24769,374,47382,0.200119,0.003286,0.009333,0.000003,0.254812
35,24,0xD295B6C830AF7E14,parallel_methods,12,12,12,34,1,13,13,29979,0.001086,0.000841,0.005830,0.000006,0.006531
36,24,0xF7BC523DAE681094,parallel_methods,14,14,14,42,1,1176,2405,37206,0.004602,0.015771,0.007228,0.000004,0.017426
37,32,0x0DEBA83754F962C1,parallel_methods,16,16,16,32,1,4012,3176,44699,0.016779,0.022910,0.009866,0.000002,0.025487
38,28,0x5AD43F82C19E6B07,parallel_methods,16,16,16,40,1,9889,345,43322,0.048259,0.002982,0.008628,0.000003,0.057142
39,30,0xB9C5DF812340A7E6,parallel_methods,17,17,17,39,1,22051,337,45626,0.169099,0.002928,0.008826,0.000005,0.208415
40,36,0x829BC4E760FA3D51,parallel_methods,19,19,19,35,1,41001,132335,56511,0.603927,2.396999,0.011435,0.000005,2.874992
41,30,0xDC601A7B42F95E83,parallel_methods,16,16,16,38,1,1362,587,44523,0.005132,0.005941,0.008458,0.000004,0.009281
42,36,0x5169FA48C03B27ED,parallel_methods,19,19,19,39,1,66320,87,55702,0.831393,0.001305,0.010620,0.000004,1.034780
43,40,0xA063517D9F24BCE8,parallel_methods,20,20,20,46,1,72,72,60230,0.001055,0.001397,0.011426,0.000036,0.012388
44,32,0xB342E0695C781FDA,parallel_methods,17,17,17,41,1,3043,6784,47241,0.011412,0.045263,0.012651,0.000005,0.049959
45,44,0x81530C427DBA69EF,parallel_methods,23,23,23,43,1,3290140,77,70058,71.315157,0.001350,0.013632,0.000004,111.540044
46,32,0x0FBE96C2DA358147,parallel_methods,17,17,17,43,1,5851,2129,47291,0.030519,0.017392,0.012147,0.000003,0.039658
47,34,0xD7906CF142E38BA5,parallel_methods,19,19,19,43,1,105818,2007,55028,1.676708,0.017572,0.013983,0.000004,2.017849
48,36,0x7096FD45A38C21EB,parallel_methods,18,18,20,42,1,61,61,58242,0.001262,0.001227,0.011307,0.000139,0.012290
49,32,0xC5A927B1D6E843F0,parallel_methods,17,17,19,29,1,2617,9025,55001,0.010605,0.063479,0.011401,0.000003,0.071350
50,34,0x659F723BC1EAD840,parallel_methods,18,18,18,40,1,4647,17768,51491,0.020801,0.161432,0.012441,0.000011,0.195849
51,32,0x406D31ECFAB72859,parallel_methods,17,17,17,43,1,886,1348,47917,0.004182,0.011100,0.010056,0.000005,0.012295
52,26,0xB67408DC219E3AF5,parallel_methods,16,16,16,42,1,30424,934,43940,0.249448,0.008464,0.009600,0.000004,0.310822
53,34,0xD2BEC843A019567F,parallel_methods,19,19,19,37,1,208136,4829,53968,3.502845,0.038866,0.011639,0.000005,4.299846
54,34,0xA0172836B59CEFD4,parallel_methods,18,18,18,38,1,11376,4744,50176,0.081697,0.042893,0.011377,0.000003,0.123419
55,30,0xEF321BAC097586D4,parallel_methods,17,17,17,39,1,33448,1020,46471,0.348067,0.010575,0.011393,0.000005,0.426559
56,28,0x8F942B37C60DEA15,parallel_methods,15,15,15,45,1,119,1270,40569,0.001398,0.009404,0.008771,0.000008,0.010968
57,36,0x368BD4CE0FA92571,parallel_methods,18,18,18,34,1,9728,5869,51040,0.081371,0.050960,0.012130,0.000004,0.093525
58,32,0x75D1F04E2A69C3B8,parallel_methods,18,18,18,48,1,97836,2716,51171,1.522334,0.019759,0.011233,0.000006,1.871057
59,32,0x538D9CE26047F1AB,parallel_methods,18,18,18,38,1,69919,1493,51174,0.851782,0.012361,0.012289,0.000004,1.059762
60,32,0x48E016D527F93ACB,parallel_methods,18,18,18,40,1,59848,1622,51011,0.741529,0.012482,0.012739,0.000003,0.911873
61,36,0x92F716ECD08B453A,parallel_methods,19,19,19,41,1,18892,24246,55486,0.181117,0.339594,0.011713,0.000005,0.393184
62,36,0x308164BED792ACF5,parallel_methods,20,20,20,40,1,300644,4299,58550,4.651554,0.036752,0.013838,0.000004,5.801403
63,32,0x9B350FC26A1D78E4,parallel_methods,18,18,18,42,1,41452,393,51458,0.436169,0.004008,0.011606,0.000089,0.548564
64,32,0xDB19508246C3EA7F,parallel_methods,18,18,18,44,1,45192,1415,50118,0.641901,0.014882,0.013907,0.000005,0.758068
65,30,0xB425F6E93CD708A1,parallel_methods,16,16,16,36,1,4221,618,43549,0.015789,0.005263,0.009569,0.000004,0.018408
66,36,0x018E73CA426BFD95,parallel_methods,19,19,19,41,1,32580,255,56061,0.307420,0.002574,0.011679,0.000008,0.410311
67,34,0x864253F079C1DEBA,parallel_methods,18,18,18,44,1,12232,1941,51218,0.073069,0.016332,0.012884,0.000013,0.090808
68,34,0x4A3B8E76D15FC092,parallel_methods,17,17,17,39,1,1732,1710,48114,0.007593,0.013119,0.010297,0.000005,0.014477
69,36,0xC97E25B30F186D4A,parallel_methods,19,19,19,43,1,68098,294,55081,0.815499,0.003026,0.011515,0.000003,1.017745
70,40,0x0BE1473D85F2C69A,parallel_methods,20,20,20,44,1,102,102,59488,0.001264,0.001679,0.011456,0.000005,0.012561
71,32,0xE1BC6430D957A28F,parallel_methods,17,17,17,43,1,3613,226,48798,0.014065,0.002445,0.010434,0.000005,0.016503
72,34,0xC5837BDE69A042F1,parallel_methods,17,17,17,33,1,54,54,48805,0.001083,0.001252,0.009511,0.000002,0.010306
73,28,0xA98DBFE623C41570,parallel_methods,16,16,16,32,1,15430,776,43172,0.088718,0.006288,0.009366,0.000006,0.111989
74,28,0xB0917F8E2CA436D5,parallel_methods,17,17,17,37,1,96773,4303,47407,1.359776,0.032560,0.010698,0.000005,1.677695
75,32,0xC6A1B375FE2840D9,parallel_methods,17,17,17,41,1,4626,7493,48480,0.023429,0.065135,0.010833,0.000003,0.073123
76,32,0x7D9423EB0F8CA165,parallel_methods,18,18,18,40,1,57445,1834,49485,0.676906,0.015129,0.012728,0.000008,0.833568
77,28,0xFC960245B1D7EA38,parallel_methods,14,14,14,46,1,15,15,36734,0.000806,0.001041,0.007089,0.000005,0.008046
78,36,0xC9F2D864A1B7035E,parallel_methods,18,18,18,38,1,21,21,51531,0.001036,0.000994,0.010032,0.000003,0.010848
79,34,0x926F0D38A157ECB4,parallel_methods,18,18,18,42,1,32282,3024,52059,0.330557,0.021843,0.010942,0.000004,0.413886
80,40,0x0746DB5E89A21CF3,parallel_methods,21,21,21,37,1,276118,6094,64654,4.478520,0.053062,0.015147,0.000005,5.610577
81,38,0x76C1350B9A2D84EF,parallel_methods,19,19,21,45,1,20,20,61322,0.001010,0.001002,0.012217,0.000005,0.013482
82,28,0x8F526AB9C3D04E71,parallel_methods,15,15,15,33,1,725,16,39910,0.005295,0.001014,0.008089,0.000002,0.008923
83,34,0x7D5B6C3492E810AF,parallel_methods,17,17,17,39,1,668,589,48282,0.004399,0.005815,0.010236,0.000004,0.011021
84,40,0x01C7D23FE5B9846A,parallel_methods,20,20,22,44,1,6159,5971,65171,0.031730,0.048534,0.013569,0.000006,0.055443
85,36,0x25B3AD97CF614E08,parallel_methods,18,18,18,30,1,601,468,52402,0.003488,0.004197,0.010844,0.000005,0.011635
86,30,0xB0F639C24E187DA5,parallel_methods,16,16,16,40,1,836,2009,43278,0.004372,0.013593,0.008796,0.000005,0.014845
87,36,0xFD3A6127CE8549B0,parallel_methods,18,18,20,42,1,14753,12904,59386,0.115561,0.160190,0.016232,0.000005,0.189040
88,32,0x14C6EB7AD3892F05,parallel_methods,17,17,17,31,1,3271,3875,47379,0.014864,0.030184,0.011344,0.000052,0.033131
89,38,0x4C3865DF297A01BE,parallel_methods,19,19,19,39,1,196,176,55130,0.001655,0.002117,0.011428,0.000005,0.012235
90,40,0x19A257F06D4BC83E,parallel_methods,21,21,21,43,1,707545,24,62699,11.421536,0.001285,0.012753,0.000004,15.036710
91,32,0x7EA35D821FC9B046,parallel_methods,18,18,18,36,1,51396,692,51709,0.611080,0.005740,0.010470,0.000003,0.758606
92,26,0x2EFD6CA81579304B,parallel_methods,16,16,16,36,1,18335,915,44692,0.128447,0.008186,0.010029,0.000003,0.164914
93,36,0xA0BD1E728F5349C6,parallel_methods,19,19,19,43,1,43301,21941,55880,0.691647,0.349502,0.014965,0.000005,0.883995
94,30,0x3279A8F1EC4D0B65,parallel_methods,19,19,19,45,1,1359699,52783,54229,20.761244,0.893555,0.012459,0.000005,27.795348
95,26,0xD840FBA569EC3712,parallel_methods,14,14,14,32,1,269,737,37281,0.002318,0.006342,0.008933,0.000554,0.010360
96,26,0xC0D1E798F42AB356,parallel_methods,14,14,14,44,1,348,850,37660,0.002176,0.006723,0.008125,0.000005,0.008752
97,32,0x7FACE03D81B46925,parallel_methods,18,18,18,44,1,63283,1613,52532,0.774579,0.014180,0.011813,0.000002,0.979427
98,30,0xE8B9427F56D30C1A,parallel_methods,16,16,16,44,1,904,27,44104,0.003946,0.000997,0.008880,0.000005,0.009776
99,32,0x0741BAF6C2583DE9,parallel_methods,17,17,17,37,1,6570,19,48198,0.025324,0.000930,0.009448,0.000003,0.030225
100,34,0x9BC8FD4320A75E61,parallel_methods,17,17,17,33,1,6533,2048,47834,0.028218,0.014945,0.010600,0.000008,0.032575
101,24,0x3E5D6709F28C1AB4,parallel_methods,13,13,13,39,1,507,14,32962,0.002841,0.000987,0.007103,0.000013,0.007961
102,30,0xE43057C816FBA2D9,parallel_methods,16,16,16,36,1,651,255,44422,0.003211,0.002296,0.008718,0.000005,0.009482
103,34,0x26139ADCE58B047F,parallel_methods,18,18,18,34,1,31871,311,51977,0.330908,0.002948,0.010347,0.000004,0.423089
104,32,0xACE326FB4D975081,parallel_methods,19,19,19,39,1,377024,13751,54572,5.472163,0.180819,0.013591,0.000003,6.899190
105,36,0x94A7CB1E65830DF2,parallel_methods,18,18,18,38,1,7996,6036,51639,0.051440,0.055857,0.013240,0.000004,0.063841
106,32,0x61E7A38D4F0CB529,parallel_methods,16,16,16,40,1,29,29,43906,0.001004,0.000991,0.008702,0.000005,0.009460
107,36,0xA9F85261EDB7C403,parallel_methods,19,19,19,41,1,9292,3617,56155,0.059061,0.027149,0.011705,0.000003,0.074137
108,32,0xF43CE58D972B60A1,parallel_methods,17,17,17,39,1,1110,5214,48190,0.004898,0.038618,0.010414,0.000004,0.043169
109,30,0xDE3F925C0BA48761,parallel_methods,16,16,16,40,1,5947,341,44861,0.026992,0.003449,0.011808,0.000003,0.032088
110,36,0xA581C497B62ED0F3,parallel_methods,19,19,19,41,1,23998,8125,56171,0.296625,0.088411,0.012928,0.000005,0.388508
111,32,0xB2317AF065D9C8E4,parallel_methods,18,18,18,38,1,52127,1849,51277,0.927936,0.025264,0.020429,0.000003,1.125095
112,28,0x37D9C2BE1A6850F4,parallel_methods,17,17,17,33,1,135584,5551,47101,1.934412,0.056498,0.015577,0.000003,2.373853
113,38,0x2C70456BDA18EF39,parallel_methods,20,20,20,38,1,77529,26396,60291,1.174138,0.463592,0.020692,0.000006,1.430963
114,26,0x9D8CA4FB71E06352,parallel_methods,14,14,14,40,1,358,1120,37585,0.003890,0.011285,0.013998,0.000003,0.015253
115,34,0xF76A450C39D28E1B,parallel_methods,17,17,17,43,1,126,126,49080,0.001325,0.001806,0.009793,0.000004,0.010691
116,38,0x2174086AEBF95D3C,parallel_methods,19,19,19,41,1,6544,6542,55280,0.047243,0.069294,0.018720,0.000004,0.078723
117,30,0xC8F25694EB70AD13,parallel_methods,16,16,16,38,1,3576,554,44704,0.018388,0.007471,0.013744,0.000004,0.021115
118,34,0xFA27D0C51B36E489,parallel_methods,19,19,19,45,1,135625,4592,53709,1.990240,0.044408,0.017966,0.000007,2.437140
119,30,0xE4FB2D6A31789C50,parallel_methods,16,16,16,38,1,688,1255,44590,0.004657,0.012105,0.011928,0.000003,0.013599
120,32,0xB8E713205F96AD4C,parallel_methods,17,17,17,43,1,2775,2481,47014,0.015522,0.023529,0.010618,0.000005,0.025394
121,34,0x0AE19F4B2D586C37,parallel_methods,17,17,17,39,1,518,366,47890,0.003672,0.003837,0.011745,0.000003,0.012497
122,36,0x76C0E5A294B381DF,parallel_methods,19,19,19,41,1,19412,12981,55682,0.263377,0.183927,0.012228,0.000008,0.309006
123,36,0x605A7DF382E419CB,parallel_methods,19,19,19,41,1,10615,6052,55831,0.084271,0.066953,0.018709,0.000004,0.102108
124,38,0xD4102965B3A7ECF8,parallel_methods,20,20,20,38,1,90208,93,60111,1.420618,0.002016,0.019988,0.000003,1.804178
125,34,0x0C2A593FB7DE4681,parallel_methods,17,17,17,35,1,1124,1054,48529,0.009108,0.010820,0.014916,0.000005,0.016488
126,28,0xAF18EB094CD35726,parallel_methods,15,15,15,41,1,1092,518,38867,0.005231,0.006680,0.011782,0.000003,0.013194
127,40,0xAC870E65B1394F2D,parallel_methods,21,21,21,45,1,222004,1120,62310,3.930026,0.013118,0.018218,0.000005,4.847499
128,34,0xA5C18E7F246390BD,parallel_methods,17,17,17,39,1,149,147,48136,0.002297,0.002421,0.012570,0.000416,0.013793
129,34,0x198F0B4DCE25736A,parallel_methods,19,19,19,43,1,177658,4680,54351,2.564014,0.038681,0.018231,0.000014,3.195381
130,32,0xC6B248AF97D013E5,parallel_methods,18,18,18,40,1,71774,1445,51260,0.890000,0.012638,0.012667,0.000003,1.107045
131,22,0x1E7CA9D8F3B45062,parallel_methods,12,12,12,34,1,393,15,30258,0.002106,0.001042,0.005916,0.000005,0.006599
132,38,0x51FC0B674A23E8D9,parallel_methods,19,19,19,47,1,20,20,56150,0.001082,0.001047,0.010266,0.000004,0.011232
133,36,0xB32C954D71806FAE,parallel_methods,19,19,19,41,1,21886,9159,56693,0.262709,0.110965,0.012384,0.000004,0.313620
134,30,0x9B356F8C04E27AD1,parallel_methods,16,16,16,40,1,1496,2845,43631,0.006693,0.021367,0.008970,0.000006,0.023536
135,34,0x06A5CF391D7E84B2,parallel_methods,19,19,19,39,1,401726,11949,54417,7.298673,0.127496,0.011281,0.000004,9.019106
136,34,0x39BC56E842A01D7F,parallel_methods,17,17,17,39,1,18,18,47968,0.001069,0.000904,0.009037,0.000003,0.010268
137,34,0x627D1B3980A4CEF5,parallel_methods,18,18,18,38,1,13324,816,52320,0.078496,0.007876,0.010229,0.000008,0.103283
138,30,0xF0827A4D61B53C9E,parallel_methods,17,17,17,37,1,36963,1166,48025,0.326644,0.008975,0.010282,0.000005,0.415156
139,36,0x438F970BD2E6C5A1,parallel_methods,18,18,18,44,1,1825,1577,51843,0.007905,0.011641,0.010588,0.000005,0.013281
140,36,0x7B2F53AE8C0194D6,parallel_methods,19,19,19,43,1,13490,2183,55123,0.084204,0.016161,0.011245,0.000004,0.107500
141,38,0x427FC380B1AE5D69,parallel_methods,20,20,20,42,1,122325,2159,59189,1.816076,0.018950,0.013356,0.000005,2.244914
142,30,0x4FC8E5BD02A71396,parallel_methods,17,17,17,37,1,16247,222,47386,0.121697,0.002959,0.011000,0.000004,0.153879
143,32,0x48BAD3067591F2CE,parallel_methods,17,17,17,43,1,1534,170,47883,0.008271,0.002469,0.010428,0.000005,0.011233
144,28,0x8125F39D760CBA4E,parallel_methods,15,15,15,45,1,597,79,41229,0.003271,0.002061,0.009433,0.000003,0.010177
145,34,0x67B2839D45E0A1CF,parallel_methods,19,19,19,43,1,161965,4410,54043,2.294742,0.036148,0.010999,0.000004,2.819624
146,36,0x293F0A8C146BE5D7,parallel_methods,18,18,18,42,1,2497,1462,52005,0.014574,0.010685,0.011243,0.000059,0.016809
147,42,0x782045B1E9CA6DF3,parallel_methods,21,21,21,37,1,4782,4750,62187,0.021318,0.034648,0.012485,0.000005,0.038792
148,28,0x1AF4B789E30D5C62,parallel_methods,14,14,14,38,1,123,99,36825,0.001328,0.001557,0.007092,0.000003,0.007799
149,38,0x28B049637DEAF15C,parallel_methods,20,20,20,34,1,31614,35713,60465,0.374468,0.533934,0.012573,0.000004,0.628839
150,24,0x865EA09473B1F2DC,parallel_methods,14,14,14,44,1,628,241,37588,0.002867,0.002319,0.007453,0.000005,0.008311
151,24,0x725CB31AF80469DE,parallel_methods,12,12,12,44,1,13,13,30305,0.000790,0.001117,0.005865,0.000004,0.006494
152,24,0xB4358A9ED6F0C712,parallel_methods,13,13,13,35,1,82,39,34448,0.001148,0.001049,0.006859,0.000003,0.007554
153,34,0x6A85F7034E9B2DC1,parallel_methods,19,19,19,41,1,225577,4859,54587,3.732884,0.036140,0.011106,0.000010,4.602690
154,34,0x9B42FCA35E87016D,parallel_methods,18,18,18,36,1,18905,1105,51771,0.135768,0.008035,0.010492,0.000005,0.168639
155,36,0xE7AB8041D52F96C3,parallel_methods,19,19,19,45,1,21388,3903,55671,0.192992,0.028692,0.011786,0.000005,0.236983
156,34,0x0E14B73268FACD59,parallel_methods,19,19,19,39,1,150031,2714,55415,2.181864,0.019830,0.011383,0.000003,2.706463
157,32,0xF49E213758DBA06C,parallel_methods,17,17,17,43,1,4629,18,48538,0.022980,0.000939,0.010662,0.000071,0.026880
158,34,0x74DF1306ACB2E589,parallel_methods,17,17,17,43,1,138,62,47017,0.001294,0.001281,0.010261,0.000003,0.010972
159,34,0xB5EC03A71482D6F9,parallel_methods,17,17,17,39,1,1219,800,48205,0.005418,0.008679,0.010859,0.000003,0.011769
160,32,0x2B746A1FD0C853E9,parallel_methods,18,18,18,38,1,47246,1131,51548,0.603047,0.011655,0.012347,0.000009,0.730121
161,36,0x29458C61E370FDBA,parallel_methods,20,20,20,36,1,559917,10576,59173,9.113468,0.133065,0.012906,0.000006,11.814098
162,28,0x9C521AB80D74E36F,parallel_methods,15,15,15,31,1,962,16,41246,0.004764,0.000839,0.009924,0.000005,0.012061
163,34,0xE12AC9D4B73680F5,parallel_methods,18,18,18,38,1,6218,23084,51811,0.046378,0.367092,0.012552,0.000005,0.424555
164,34,0x1A3F7684CE2095BD,parallel_methods,18,18,18,42,1,4554,2038,51089,0.024324,0.018753,0.010803,0.000004,0.029030
165,26,0x9FEC8A14BD625703,parallel_methods,16,16,16,36,1,30694,1338,43675,0.313786,0.010657,0.009742,0.000005,0.402872
166,22,0x6ED4C198523BFA70,parallel_methods,13,13,13,39,1,1146,70,33537,0.007732,0.001593,0.010658,0.000003,0.011564
167,24,0x6FDC79024E5A1B83,parallel_methods,15,15,15,37,1,22376,1837,39696,0.275888,0.019304,0.011489,0.000010,0.339296
168,34,0x93068FA1D2E7B4C5,parallel_methods,18,18,18,46,1,8213,3292,51461,0.053836,0.027240,0.013598,0.000003,0.062369
169,34,0x0DA8FE36CB251479,parallel_methods,17,17,17,45,1,6189,2544,48405,0.029419,0.023796,0.012305,0.000003,0.035199
170,34,0x82E06D14A7C59BF3,parallel_methods,18,18,18,40,1,8979,42,51659,0.042785,0.001285,0.011008,0.000006,0.051467
171,26,0xCEF67A0931D285B4,parallel_methods,15,15,15,43,1,10113,566,40362,0.068677,0.004737,0.008193,0.000004,0.082308
172,36,0xEFA795642B031CD8,parallel_methods,18,18,18,38,1,6139,5727,51203,0.029041,0.043880,0.011161,0.000005,0.049298
173,36,0x89BF7251CDEA6043,parallel_methods,20,20,20,40,1,301682,8886,58658,5.135489,0.083361,0.012594,0.000005,6.342673
174,32,0x285AF01DE7B9436C,parallel_methods,18,18,18,44,1,93337,1210,51158,1.443791,0.010827,0.010865,0.000003,1.757687
175,32,0xAF3BE18D46297C05,parallel_methods,17,17,17,41,1,5587,1984,46961,0.032047,0.015312,0.010650,0.000005,0.036618
176,34,0xEC7140A6985DF32B,parallel_methods,18,18,18,46,1,3390,10575,52366,0.013978,0.090416,0.010671,0.000004,0.105280
177,34,0xA0ED62489517CF3B,parallel_methods,18,18,18,36,1,6057,2153,51350,0.025180,0.015631,0.011392,0.000005,0.029878
178,30,0x3FC6ADBE09421857,parallel_methods,17,17,19,37,1,16645,111,54201,0.093166,0.001768,0.011108,0.000006,0.122321
179,30,0x85FCED24169B730A,parallel_methods,15,15,15,37,1,16,16,40917,0.001176,0.001285,0.008572,0.000007,0.009397
180,36,0x478E5C329B6D0FA1,parallel_methods,19,19,19,37,1,46707,2348,55054,0.582498,0.018039,0.010986,0.000005,0.720030
181,30,0xB5C1D98EA04F7623,parallel_methods,17,17,17,41,1,44070,1312,46518,0.544678,0.009846,0.009508,0.000005,0.677210
182,36,0x64378DC50291FEBA,parallel_methods,19,19,19,37,1,12915,2979,55642,0.100417,0.026704,0.013329,0.000003,0.127723
183,34,0xD13E79B628F05C4A,parallel_methods,19,19,19,39,1,251832,4615,54944,4.043189,0.039114,0.013847,0.000003,4.963873
184,34,0xA2C9F63B40185DE7,parallel_methods,18,18,18,42,1,10232,43543,51852,0.067909,0.673719,0.012877,0.000006,0.792955
185,34,0x4C1D8E572390AF6B,parallel_methods,19,19,19,41,1,72651,936,53641,0.875132,0.007340,0.011244,0.000003,1.098582
186,36,0xF7629480A1BCD5E3,parallel_methods,20,20,20,40,1,378395,9736,60546,7.030168,0.117665,0.015355,0.000011,8.727647
187,34,0x78EB0DF952A3C416,parallel_methods,17,17,17,39,1,2822,2311,48496,0.016867,0.021355,0.012886,0.000064,0.024750
188,36,0x14B9AD06F5E283C7,parallel_methods,19,19,19,37,1,23670,10307,55007,0.251019,0.110467,0.011748,0.000004,0.304748
189,34,0x43697C58EA20FD1B,parallel_methods,18,18,18,34,1,5900,12337,52129,0.024955,0.109332,0.011600,0.000005,0.131911
190,38,0x147D5630E82A9BCF,parallel_methods,19,19,19,43,1,32974,14632,55336,0.335891,0.165611,0.011833,0.000005,0.412921
191,32,0x4AB08D1F5762CE39,parallel_methods,17,17,17,37,1,2266,3097,47377,0.009875,0.021507,0.009988,0.000005,0.023739
192,34,0xD6840253AF19CB7E,parallel_methods,19,19,19,45,1,392654,14305,53905,7.154740,0.158571,0.010819,0.000005,8.948453
193,34,0x37EBAF1C80265D49,parallel_methods,18,18,18,40,1,13105,2235,51271,0.107530,0.020437,0.012355,0.000004,0.134605
194,32,0xF678CEB50D31492A,parallel_methods,17,17,17,31,1,3690,8005,48371,0.015852,0.074044,0.012838,0.000003,0.085346
195,32,0x7485CBE0A916FD32,parallel_methods,17,17,17,43,1,8300,4880,48579,0.051736,0.044617,0.012027,0.000004,0.062544
196,38,0x146B702DCA53F8E9,parallel_methods,20,20,20,44,1,77905,29,59351,1.015762,0.001263,0.014465,0.000003,1.298590
197,42,0x3C01E9A75B824D6F,parallel_methods,22,22,22,38,1,864243,66,67153,16.894510,0.001567,0.017810,0.000004,22.438602
198,32,0x7D486209F5B3CAE1,parallel_methods,18,18,18,40,1,83585,2618,50534,1.195787,0.020208,0.012163,0.000096,1.469715
199,36,0x9631E472BCFAD085,parallel_methods,19,19,19,39,1,26846,9527,55138,0.301424,0.127421,0.012969,0.000003,0.369705
200,32,0x6EB0CD193FA28574,parallel_methods,18,18,18,38,1,22360,476,51263,0.227289,0.004250,0.010893,0.000008,0.285352
201,30,0xB19CA2876430D5FE,parallel_methods,16,16,16,38,1,925,26,44679,0.004391,0.000956,0.010831,0.000006,0.011594
202,32,0x46BA9C2850E1D73F,parallel_methods,17,17,17,35,1,1340,1572,48135,0.008944,0.013286,0.010899,0.000010,0.015039
203,26,0xF794A2831D560ECB,parallel_methods,15,15,15,43,1,4562,109,40798,0.020817,0.001927,0.011437,0.000004,0.024963
204,38,0xD8B3E4570F1A29C6,parallel_methods,19,19,21,39,1,83,71,62324,0.001723,0.001387,0.014226,0.000005,0.015494
205,32,0x07E5B1CF648AD392,parallel_methods,18,18,18,40,1,43451,879,50958,0.759235,0.008998,0.012491,0.000005,0.896669
206,38,0x70A156B29D3E8FC4,parallel_methods,20,20,20,40,1,84219,4509,59456,1.607066,0.047408,0.015558,0.000006,1.919914
207,30,0x539E6BFA71248C0D,parallel_methods,15,15,15,33,1,148,148,40520,0.001351,0.002317,0.009055,0.000006,0.010000
208,30,0xB9048EF2A637DC51,parallel_methods,17,17,17,41,1,9987,359,46931,0.059250,0.003791,0.009837,0.000004,0.069974
209,36,0xE7A53942801FDCB6,parallel_methods,18,18,18,44,1,36,36,51548,0.001298,0.001201,0.010624,0.000004,0.011589
210,32,0xB5039A4C1E26DF78,parallel_methods,16,16,16,36,1,18,18,44931,0.001118,0.000897,0.008446,0.000005,0.009106
211,30,0x28F6A0B547C1D39E,parallel_methods,18,18,18,38,1,167179,4264,52083,2.488438,0.033450,0.011061,0.000005,3.047017
212,32,0x7DAB4901E3562CF8,parallel_methods,17,17,17,37,1,8054,50,46787,0.064886,0.001414,0.012405,0.000006,0.080163
213,32,0x36092B5478FCE1AD,parallel_methods,18,18,18,40,1,132899,5944,50701,2.035827,0.070950,0.015373,0.000003,2.453561
214,32,0x23E8071F4C59B6DA,parallel_methods,17,17,19,45,1,29419,11838,55236,0.337857,0.170252,0.012295,0.000003,0.403283
215,36,0x58AF710E693B24DC,parallel_methods,19,19,19,43,1,30462,20,55318,0.370897,0.001012,0.011734,0.000003,0.476695
216,34,0xD9F54C3127BA860E,parallel_methods,18,18,18,38,1,6228,83,49757,0.044796,0.001625,0.014079,0.000003,0.053878
217,30,0xDF1A8E056CB29473,parallel_methods,18,18,18,44,1,237934,3665,51512,3.885830,0.038286,0.014622,0.000003,4.741486
218,30,0x9BA12FD360547CE8,parallel_methods,17,17,17,39,1,25154,786,48290,0.218194,0.008648,0.009890,0.000011,0.272830
219,38,0xA13DEF45B702C869,parallel_methods,20,20,20,46,1,109801,3298,59439,1.666114,0.029149,0.013366,0.000003,2.067667
220,28,0xAF930B2DCE657814,parallel_methods,16,16,16,40,1,10304,158,43812,0.077611,0.002262,0.011330,0.000005,0.088724
221,36,0x490ADF5168BEC237,parallel_methods,18,18,18,38,1,6309,2466,52254,0.026800,0.018527,0.011054,0.000005,0.032256
222,44,0x2B0375A6D8C194EF,parallel_methods,23,23,23,37,1,4037086,1473,69977,87.179795,0.011657,0.014755,0.000005,146.830087
223,34,0x6DAF58E7B203149C,parallel_methods,17,17,17,39,1,1877,187,48774,0.012189,0.003599,0.014712,0.000004,0.018416
224,26,0x3F8A6E1954BC207D,parallel_methods,15,15,15,39,1,1226,28,40935,0.007291,0.001044,0.011325,0.000004,0.012086
225,34,0x56A4920387D1ECBF,parallel_methods,18,18,18,44,1,15675,19,51402,0.211833,0.000984,0.014491,0.000005,0.250616
226,30,0xA648912C73F0ED5B,parallel_methods,17,17,17,45,1,29337,922,47037,0.268204,0.009677,0.012000,0.000005,0.335179
227,34,0xF23DA9C5418706EB,parallel_methods,17,17,17,33,1,4286,2044,48625,0.017979,0.016853,0.011320,0.000005,0.021484
228,36,0x3029C4BE1F58D76A,parallel_methods,18,18,18,42,1,2959,2532,53167,0.012195,0.020299,0.011807,0.000003,0.022500
229,38,0x68AF432D05B7EC91,parallel_methods,20,20,20,38,1,116663,3294,58543,2.078500,0.042974,0.021678,0.005130,2.518562
230,32,0x8E60B9A73524F1CD,parallel_methods,18,18,18,34,1,47973,1552,51972,0.702275,0.018230,0.012964,0.000003,0.858295
231,28,0xEF9B06D834C1A527,parallel_methods,16,16,16,46,1,18297,944,42909,0.164682,0.009955,0.013055,0.000029,0.205333
232,40,0x54A0ED7613B98CF2,parallel_methods,20,20,20,32,1,71366,52309,59158,0.992438,0.949826,0.015817,0.000004,1.230460
233,34,0x419E0DBFC2865A37,parallel_methods,17,17,17,43,1,665,520,48341,0.005790,0.004447,0.010784,0.000159,0.011918
234,36,0x905A6723BDF4EC81,parallel_methods,19,19,19,35,1,88114,519,55685,1.449755,0.006264,0.012809,0.000003,1.777569
235,34,0xAE6450C327B91F8D,parallel_methods,19,19,19,41,1,281077,8027,55096,4.407684,0.081127,0.011712,0.000005,5.505804
236,36,0x2B937FCE05AD4816,parallel_methods,19,19,19,39,1,35853,1420,55298,0.332239,0.011672,0.011908,0.000005,0.424512
237,36,0xE934C752FA801D6B,parallel_methods,18,18,18,46,1,404,183,52456,0.002664,0.002079,0.011432,0.000007,0.012356
238,30,0x1FEC265A9873B04D,parallel_methods,16,16,16,36,1,1246,17,43204,0.005910,0.000856,0.009519,0.000002,0.010301
239,44,0x0D3B92F7C1A8456E,parallel_methods,23,23,23,41,1,6087439,106,70401,114.699187,0.001835,0.015851,0.000002,250.904489
240,32,0x82AC76B5413EF9D0,parallel_methods,17,17,17,37,1,3275,4242,46777,0.044595,0.045990,0.021628,0.000005,0.064529
241,32,0x715BE24C3D60F9A8,parallel_methods,17,17,17,45,1,570,2016,47188,0.004601,0.019773,0.015199,0.000006,0.021554
242,32,0xBE8071452AD6CF93,parallel_methods,17,17,17,37,1,7803,285,48353,0.037659,0.005261,0.013923,0.000010,0.044713
243,36,0xC108F6EA237B459D,parallel_methods,18,18,18,44,1,4504,2280,52013,0.024166,0.026402,0.017864,0.000005,0.029512
244,20,0x081C3BFA765492DE,parallel_methods,12,12,12,40,1,384,24,29864,0.004366,0.001473,0.008621,0.000003,0.009552
245,32,0xED425C36B01FA798,parallel_methods,17,17,17,45,1,8208,26,47399,0.061564,0.001579,0.021246,0.000005,0.070899
246,34,0x3B0AE6879F1D25C4,parallel_methods,18,18,18,42,1,4284,3264,51118,0.027570,0.034569,0.014253,0.000005,0.037403
247,30,0x53DFABC48260E917,parallel_methods,16,16,16,34,1,1128,235,44354,0.006770,0.004791,0.012518,0.000011,0.013366
248,30,0xC356DB1A240879FE,parallel_methods,17,17,17,39,1,23350,303,47185,0.214557,0.004582,0.016550,0.000008,0.264219
249,34,0x19CBAE6D8F073524,parallel_methods,18,18,18,38,1,4228,2496,51559,0.029520,0.031477,0.018896,0.000007,0.035300
250,32,0x9B1A3084D5CFE627,parallel_methods,19,19,19,39,1,324673,9566,54178,5.074362,0.089829,0.018027,0.000003,6.467587
251,30,0xD3120CEAB754F968,parallel_methods,15,15,15,45,1,84,22,41625,0.002006,0.001310,0.009622,0.000500,0.010544
252,36,0x8B74E35109D6CF2A,parallel_methods,19,19,19,41,1,73416,4943,54862,0.995275,0.062062,0.018289,0.000005,1.243338
253,24,0xF6D5E7210C94BA38,parallel_methods,14,14,14,42,1,1200,59,37474,0.009486,0.002379,0.015951,0.000006,0.017330
254,26,0x6F9825DE1C307AB4,parallel_methods,14,14,14,42,1,819,15,35579,0.005529,0.001066,0.010244,0.000003,0.010966
255,32,0x21EA79FD458C6B30,parallel_methods,19,19,19,35,1,591881,14940,54848,10.049521,0.218180,0.018548,0.000003,13.003245
256,30,0x6F83D219AEB5C470,parallel_methods,16,16,16,38,1,773,17,44475,0.006132,0.001074,0.012674,0.000004,0.013916
257,26,0x48D51A30E7CFB269,parallel_methods,14,14,14,46,1,725,840,36443,0.007959,0.010771,0.013841,0.000561,0.014834
258,26,0xFB18A3476C95E2D0,parallel_methods,15,15,15,41,1,7877,296,39806,0.061496,0.004426,0.016808,0.000005,0.072344
259,34,0x6CE8451372B9F0AD,parallel_methods,19,19,19,41,1,100477,2755,55789,1.743570,0.037969,0.020931,0.000003,2.118051
260,34,0x05CD4F8B9A3E1726,parallel_methods,17,17,17,41,1,1199,1166,48172,0.008790,0.014719,0.017084,0.000005,0.018062
261,30,0xBFCD317425E960A8,parallel_methods,16,16,16,40,1,267,1030,43715,0.002069,0.011557,0.014338,0.000007,0.015101
262,32,0x2E560AB98431D7CF,parallel_methods,17,17,17,37,1,9721,4437,48835,0.081815,0.048510,0.013715,0.000006,0.100608
263,34,0xA0193E8F52CB6D47,parallel_methods,18,18,18,40,1,18314,22,52053,0.119236,0.001012,0.014691,0.000064,0.156675
264,24,0x784FB6EA5CD21093,parallel_methods,14,14,14,34,1,1960,1912,36558,0.013002,0.023461,0.013565,0.000008,0.026801
265,34,0x714AE5C0DB6839F2,parallel_methods,18,18,18,42,1,4747,811,52053,0.045747,0.012948,0.023052,0.000003,0.050722
266,32,0x40EB38175FCD62A9,parallel_methods,18,18,18,38,1,111945,4079,52209,1.693918,0.057388,0.019531,0.000003,2.087375
267,36,0x2A35D9467C81EF0B,parallel_methods,18,18,18,34,1,12254,4245,52818,0.099950,0.044732,0.020020,0.000005,0.124604
268,30,0x691CB32FE8A470D5,parallel_methods,16,16,16,40,1,567,2004,44772,0.005348,0.020990,0.015480,0.000004,0.022584
269,34,0xE4A631D29C8B70F5,parallel_methods,19,19,19,37,1,227827,5975,54431,3.886252,0.059550,0.018708,0.000005,4.842982
270,32,0x5810CA7E6B9DF423,parallel_methods,18,18,18,36,1,59704,1440,50860,0.736613,0.014385,0.018128,0.000055,0.914741
271,38,0xE10B6FA539748DC2,parallel_methods,20,20,20,36,1,130836,21,59322,2.039137,0.001385,0.022354,0.000008,2.560695
272,36,0x7F6B04CAE91D8523,parallel_methods,19,19,19,45,1,27073,904,54581,0.259742,0.011498,0.017878,0.000010,0.318200
273,32,0x0F6C258D1EA4B937,parallel_methods,16,16,16,38,1,1841,1685,45048,0.014237,0.019641,0.014046,0.000021,0.021460
274,28,0x78BE9F52CD0136A4,parallel_methods,16,16,16,40,1,17566,754,43849,0.098190,0.010637,0.012453,0.000010,0.132457
275,26,0x4F73CEB920D56A18,parallel_methods,15,15,15,31,1,3669,63,40901,0.018675,0.001723,0.014214,0.000003,0.021011
276,38,0xC05B4A7F928316ED,parallel_methods,20,20,20,38,1,101051,1729,59308,1.694023,0.021545,0.020086,0.000004,2.119979
277,38,0x03D1A7EB825946CF,parallel_methods,19,19,21,39,1,62,60,62592,0.000986,0.001304,0.015457,0.000003,0.016673
278,28,0x862ABC345D7F9E10,parallel_methods,16,16,16,34,1,10173,405,43614,0.105528,0.005765,0.011239,0.000005,0.128151
279,32,0x731CE9F286A54B0D,parallel_methods,16,16,16,42,1,17,17,45319,0.001058,0.001123,0.012277,0.000003,0.013070
280,34,0x94A86DC3E7B150F2,parallel_methods,19,19,19,33,1,202418,8779,54307,3.534747,0.117520,0.017890,0.000005,4.338275
281,30,0x75DE4A8239BC106F,parallel_methods,16,16,16,34,1,1258,29,44706,0.007100,0.001062,0.011833,0.000003,0.013367
282,34,0x92B356DE4CAF0718,parallel_methods,18,18,18,38,1,13594,22,51214,0.095312,0.000991,0.012785,0.000026,0.125339
283,30,0x32DE6F745B90A18C,parallel_methods,17,17,17,43,1,30328,569,47419,0.269906,0.007071,0.012969,0.000002,0.340002
284,32,0xA8B6EDC930254F17,parallel_methods,18,18,18,32,1,151908,5447,50092,2.122276,0.043832,0.013023,0.000005,2.626276
285,36,0xAF3BD5219E47C086,parallel_methods,19,19,19,41,1,8283,2055,54838,0.056961,0.024300,0.019054,0.000003,0.067864
286,28,0xA2D6C91E7FB84053,parallel_methods,14,14,14,36,1,94,30,37058,0.001315,0.001179,0.008990,0.000013,0.009681
287,32,0x1CD5BAE38079426F,parallel_methods,16,16,16,40,1,2803,2779,45792,0.013878,0.023251,0.011468,0.000004,0.025673
288,30,0x715E9A4F62C38B0D,parallel_methods,17,17,17,37,1,22835,503,47759,0.259729,0.004840,0.012044,0.000003,0.313359
289,34,0x79562DCB14EA0F83,parallel_methods,19,19,19,39,1,300318,7681,55520,5.422556,0.089357,0.016734,0.000004,6.868072
290,32,0xE2B8D5301FA4C679,parallel_methods,16,16,16,40,1,846,590,44283,0.010306,0.011026,0.019206,0.000005,0.021325
291,36,0xE5A7064CB9F32D18,parallel_methods,18,18,18,40,1,7230,5651,53168,0.072549,0.080534,0.022406,0.000005,0.090032
292,34,0x60E8DFA712CB9453,parallel_methods,18,18,18,36,1,3271,4484,51996,0.019748,0.044306,0.016405,0.000003,0.047951
293,36,0x71F396A5E02D48BC,parallel_methods,18,18,18,42,1,664,311,51456,0.005564,0.004412,0.014208,0.000003,0.015297
294,26,0x68F5EA1C237B90D4,parallel_methods,17,17,17,39,1,293612,13157,48167,4.582612,0.176718,0.017505,0.000007,5.722606
295,30,0x14A8B6390F257EDC,parallel_methods,16,16,16,40,1,1446,418,44393,0.009135,0.007638,0.012611,0.000006,0.013840
296,30,0xAEB97104DCF58362,parallel_methods,17,17,17,43,1,14477,237,47832,0.091007,0.003894,0.015673,0.000004,0.114535
297,30,0xFC4156B0E83D792A,parallel_methods,16,16,16,44,1,296,727,44093,0.002554,0.009500,0.013632,0.000003,0.014605
298,38,0x2F1C40EB8DA95673,parallel_methods,19,19,19,37,1,4480,4591,56002,0.026853,0.044529,0.017161,0.000007,0.048537
299,32,0x6D8C5B7F0EA94213,parallel_methods,18,18,18,34,1,33846,1096,51656,0.315593,0.012902,0.014741,0.000004,0.403968
300,36,0xD813A24B095FC67E,parallel_methods,19,19,19,41,1,16757,553,56496,0.122734,0.008511,0.022684,0.000005,0.159927
301,42,0xC128ED45AB30976F,parallel_methods,21,21,21,39,1,61228,37080,62377,0.927180,0.619729,0.024770,0.000004,1.124558
302,30,0x26C41E30B5D7A98F,parallel_methods,17,17,17,47,1,35219,199,46477,0.334694,0.003010,0.017607,0.000003,0.433687
303,28,0x9A3B8DC15764F2E0,parallel_methods,15,15,15,35,1,1884,16,40840,0.015251,0.001135,0.015562,0.000004,0.017890
304,40,0x832B0C7E41D95AF6,parallel_methods,20,20,20,46,1,1420,1376,60162,0.010619,0.015378,0.019351,0.000003,0.020567
305,30,0x6C0A4E837B512F9D,parallel_methods,17,17,17,41,1,15983,459,47348,0.127795,0.006081,0.017428,0.000007,0.168600
306,34,0x971F0458ECAD6B23,parallel_methods,19,19,19,43,1,118737,1926,55113,1.946544,0.024523,0.022708,0.000005,2.390891
307,30,0xE31D4A895B0F276C,parallel_methods,15,15,15,39,1,440,380,40629,0.005142,0.005791,0.009950,0.000006,0.010786
308,32,0x4C6AE17F2058B39D,parallel_methods,18,18,18,44,1,32024,705,50509,0.316258,0.010193,0.017120,0.000003,0.395798
309,32,0x7D428CA61FB50E93,parallel_methods,18,18,18,32,1,19396,8904,52115,0.189831,0.114824,0.017814,0.000018,0.235411
310,30,0xB758D9C6EF210A43,parallel_methods,16,16,16,34,1,1625,127,42834,0.010064,0.002348,0.014949,0.000006,0.016123
311,30,0x8CD62370A49F1E5B,parallel_methods,15,15,15,43,1,16,16,40074,0.001029,0.001077,0.012343,0.000003,0.013412
312,26,0xC2DBF85EA0469317,parallel_methods,16,16,16,46,1,20178,907,43846,0.136709,0.012544,0.015964,0.000003,0.180187
313,28,0xB854E0FC379A216D,parallel_methods,16,16,16,40,1,13462,275,43520,0.082657,0.004587,0.015299,0.000004,0.101146
314,38,0x29365F1D80EB7A4C,parallel_methods,20,20,20,42,1,81839,12443,59672,1.439037,0.124145,0.022475,0.000006,1.781156
315,34,0xE81A57C32B6D9F40,parallel_methods,18,18,18,36,1,8781,8483,51376,0.060547,0.094015,0.014821,0.000003,0.102617
316,40,0x89E7C3AF1B42056D,parallel_methods,22,22,22,38,1,6894054,197780,65635,129.513367,4.748608,0.025063,0.000007,303.018679
317,32,0xD96EA3B5CF104827,parallel_methods,17,17,17,41,1,4147,318,47930,0.021036,0.003881,0.012258,0.000005,0.028887
318,34,0x61DAB07E843C592F,parallel_methods,19,19,19,41,1,397538,16484,54736,7.611504,0.207428,0.015819,0.000005,9.572914
319,28,0x5C7948DFAE2631B0,parallel_methods,17,17,17,37,1,68767,2489,47743,0.831418,0.020472,0.014457,0.000005,1.094691
320,32,0x1B738690FE42DCA5,parallel_methods,18,18,18,38,1,42814,1231,50566,0.636897,0.014186,0.017230,0.000003,0.782083
321,34,0x364F087B95CAED12,parallel_methods,18,18,18,38,1,21768,353,51219,0.231627,0.004544,0.014687,0.000004,0.282236
322,32,0xA643BEFD29871C05,parallel_methods,17,17,17,33,1,3888,4301,48990,0.018837,0.035664,0.013617,0.000005,0.039276
323,32,0x79F645AB0DCE1238,parallel_methods,17,17,17,41,1,8489,1568,46969,0.040700,0.013883,0.013536,0.000025,0.049870
324,36,0x8D296BA0C7E1534F,parallel_methods,18,18,18,36,1,21181,16135,51197,0.236596,0.197311,0.013858,0.000005,0.287009
325,36,0x328140E5DCB6FA97,parallel_methods,18,18,20,48,1,837,805,58881,0.005995,0.008698,0.015101,0.000003,0.016178
326,42,0x0CA3175F842D6BE9,parallel_methods,21,21,21,45,1,22,22,63180,0.001114,0.001014,0.013386,0.000005,0.014376
327,30,0xFA40EDCB31278659,parallel_methods,16,16,16,42,1,1260,1014,44243,0.006678,0.009302,0.011734,0.000049,0.012529
328,32,0x26B39485DEA07F1C,parallel_methods,18,18,18,34,1,80047,2234,50245,1.063506,0.019996,0.013335,0.000005,1.324136
329,34,0x91B5EC30628FA47D,parallel_methods,19,19,19,43,1,121642,2730,55216,1.839508,0.026921,0.016479,0.000005,2.276107
330,40,0x4306CF598DEB71A2,parallel_methods,20,20,20,42,1,427,422,58131,0.003993,0.006435,0.013658,0.000005,0.014876
331,30,0x2CF967E35D48AB10,parallel_methods,17,17,17,37,1,15082,1486,47631,0.099071,0.015547,0.014804,0.000004,0.126801
332,32,0xC49D06E3F28A175B,parallel_methods,19,19,19,43,1,363824,14326,54896,5.718890,0.166793,0.016681,0.000036,7.296706
333,32,0x369271F8A05B4EDC,parallel_methods,16,16,16,42,1,1749,1586,44076,0.009014,0.013114,0.012045,0.000003,0.014809
334,28,0xC76D921B8F50A43E,parallel_methods,15,15,15,43,1,785,17,39820,0.004203,0.000937,0.009598,0.000004,0.010369
335,36,0xE8B05C6AD923F174,parallel_methods,19,19,19,41,1,14308,7223,55916,0.107645,0.064793,0.013656,0.000008,0.134249
336,28,0xF3A5EDC90786B241,parallel_methods,14,14,14,32,1,26,26,36747,0.000920,0.001031,0.008287,0.000056,0.008980
337,26,0x6EA87FC9D053B421,parallel_methods,14,14,14,32,1,663,403,36095,0.004658,0.004603,0.009234,0.000003,0.010025
338,36,0x6D1352498EB7AFC0,parallel_methods,18,18,18,38,1,80,80,51866,0.001303,0.001783,0.011239,0.000003,0.012050
339,32,0x46D0AC3F98125B7E,parallel_methods,17,17,17,41,1,2415,2611,48066,0.010627,0.020127,0.012980,0.000005,0.022131
340,34,0x895ACED0172B43F6,parallel_methods,18,18,18,42,1,14812,9531,51413,0.120795,0.117166,0.013412,0.000005,0.152894
341,24,0x3F0EAD21765C9B84,parallel_methods,13,13,13,41,1,80,44,34446,0.001434,0.001522,0.007836,0.000004,0.008656
342,34,0x4D0195AB372CF6E8,parallel_methods,19,19,19,39,1,177857,4852,54060,2.542904,0.039243,0.015452,0.000005,3.190996
343,28,0xEF05CA2164D7938B,parallel_methods,14,14,14,42,1,71,67,36675,0.001239,0.001208,0.007846,0.000092,0.008854
344,28,0x36F9081BD5CA724E,parallel_methods,15,15,15,39,1,382,460,40217,0.002619,0.005220,0.009394,0.000005,0.010176
345,30,0xF80E917CD2A564B3,parallel_methods,15,15,15,41,1,1039,904,41001,0.005543,0.008919,0.010373,0.000002,0.011125
346,36,0xAF43C9B210E87D65,parallel_methods,18,18,18,38,1,21,21,50474,0.000960,0.000970,0.010707,0.000006,0.011729
347,32,0xC29E03D587B6A1F4,parallel_methods,18,18,18,42,1,29556,1037,50822,0.254167,0.009792,0.014473,0.000004,0.321190
348,34,0xD742CE598A3BF160,parallel_methods,18,18,18,34,1,1698,65,52434,0.008277,0.001670,0.012810,0.000004,0.013768
349,36,0x45F3C6D8A92710BE,parallel_methods,18,18,18,36,1,20,20,52221,0.000958,0.001024,0.010769,0.000004,0.011590
350,34,0x487F2A05BDC931E6,parallel_methods,19,19,19,39,1,189142,6138,55783,3.312846,0.049929,0.014534,0.000005,4.106400
351,38,0x1B6829C75FAE0D43,parallel_methods,21,21,21,33,1,1718904,47627,62470,41.704996,0.856679,0.018340,0.000005,58.169839
352,32,0xD1E387A0526C9BF4,parallel_methods,18,18,18,40,1,100764,1742,50629,1.645527,0.020251,0.018988,0.000003,2.000680
353,32,0x4657B903CAF1D2E8,parallel_methods,18,18,18,44,1,66651,2109,52227,0.812513,0.023454,0.017551,0.000006,1.011787
354,32,0x152D8F36CE74A09B,parallel_methods,17,17,17,39,1,9599,5915,47040,0.085088,0.072856,0.014421,0.000006,0.102946
355,32,0x17E2AD4C368F905B,parallel_methods,18,18,18,36,1,64944,1788,50862,0.812245,0.018896,0.018704,0.000007,0.994763
356,28,0xC856D0FE97B13A24,parallel_methods,15,15,15,49,1,588,890,40088,0.004333,0.009464,0.013638,0.000005,0.014548
357,38,0x152FE4D9A8036B7C,parallel_methods,19,19,19,41,1,1191,636,55235,0.010084,0.009434,0.019688,0.000003,0.021134
358,32,0xDB20A764381CFE59,parallel_methods,17,17,17,39,1,10235,21,46304,0.059623,0.001580,0.016108,0.000009,0.070565
359,26,0xF19DA2CBE3768405,parallel_methods,14,14,14,36,1,187,177,36992,0.002047,0.003985,0.010162,0.000007,0.010877
360,34,0xC1B9DE764A8F2305,parallel_methods,18,18,18,32,1,22839,145,51134,0.216404,0.003086,0.019022,0.000005,0.287366
361,28,0xDAB1395E248076FC,parallel_methods,16,16,16,42,1,12725,53,43721,0.071162,0.001279,0.016549,0.000004,0.088677
362,28,0xFD74819C5BA6E023,parallel_methods,16,16,16,38,1,7165,174,44695,0.039956,0.003898,0.016993,0.000005,0.047183
363,30,0x3BCD09F16AE54782,parallel_methods,17,17,17,41,1,18441,355,46366,0.135103,0.007046,0.016542,0.000006,0.169494
364,30,0xFB1D9E60AC872543,parallel_methods,17,17,17,41,1,53347,1542,47788,0.698107,0.024754,0.021750,0.000003,0.847860
365,32,0xBA69E3817042C5FD,parallel_methods,16,16,16,44,1,356,209,44349,0.005020,0.003770,0.017165,0.000009,0.020099
366,36,0x1DF2C937584BEA06,parallel_methods,19,19,19,39,1,29057,508,56216,0.545142,0.010089,0.023684,0.000015,0.623463
367,32,0x8A03BFC249D7E651,parallel_methods,18,18,18,38,1,35423,895,51816,0.404553,0.012142,0.017307,0.000003,0.486082
368,34,0xBE23790F8C41D65A,parallel_methods,19,19,19,47,1,129233,2613,54924,2.092367,0.029250,0.018933,0.000004,2.548149
369,26,0xDFE31C945278B06A,parallel_methods,13,13,13,41,1,26,26,33035,0.001110,0.001073,0.008439,0.000005,0.009320
370,34,0xB605AE4F29C1D837,parallel_methods,18,18,18,40,1,10426,19,50736,0.059422,0.001017,0.013881,0.000004,0.079447
371,34,0xE53128D74C90FB6A,parallel_methods,18,18,18,38,1,8311,3040,51268,0.047332,0.028878,0.015070,0.000020,0.057596
372,28,0xCDA70B98162E345F,parallel_methods,15,15,15,39,1,1150,1917,39936,0.007492,0.016449,0.010786,0.000026,0.017850
373,28,0x96E582D0BFA731C4,parallel_methods,16,16,16,38,1,4222,296,44100,0.017169,0.003075,0.010601,0.000005,0.019785
374,32,0xADF3064975C1EB82,parallel_methods,16,16,16,40,1,27,27,44042,0.000919,0.001289,0.009329,0.000004,0.010248
375,32,0xEC48207DBF3915A6,parallel_methods,19,19,19,49,1,320822,11364,55353,4.989426,0.125130,0.015098,0.000004,6.321351
376,38,0x1D24EF73806A5B9C,parallel_methods,20,20,20,40,1,56867,14671,59683,0.761531,0.170268,0.014469,0.000004,0.932039
377,26,0x9D25B7F8AE0C3416,parallel_methods,13,13,13,39,1,16,16,34416,0.000915,0.001028,0.007631,0.000003,0.008422
378,28,0x3CD9B0674AE512F8,parallel_methods,15,15,15,39,1,741,1694,41155,0.004869,0.013040,0.010192,0.000007,0.014203
379,28,0x60F7AD91CE483B25,parallel_methods,14,14,14,36,1,822,624,37479,0.006638,0.007609,0.011085,0.000005,0.011922
380,30,0x8D6EF9A035B7C412,parallel_methods,17,17,17,39,1,43205,1388,46936,0.546560,0.010779,0.013143,0.000016,0.685581
381,24,0xA3D49C10EF78B265,parallel_methods,15,15,15,37,1,29275,675,40573,0.258303,0.008018,0.012924,0.000005,0.323803
382,34,0xDC876A13502BF4E9,parallel_methods,17,17,17,45,1,2474,3634,48188,0.012014,0.027857,0.013080,0.000005,0.030389
383,30,0xBF4DE6A1803527C9,parallel_methods,17,17,17,43,1,48470,2266,46023,0.572749,0.017358,0.012772,0.000005,0.702026
384,38,0x093762CD1AB54EF8,parallel_methods,19,19,19,41,1,109,109,55701,0.001326,0.001970,0.012355,0.000043,0.013642
385,22,0x865CAB03FE4D9712,parallel_methods,14,14,14,40,1,7225,544,35754,0.028606,0.005715,0.009276,0.000009,0.034353
386,32,0x318DB5EC6079AF42,parallel_methods,18,18,18,34,1,30791,618,52405,0.310276,0.007110,0.013195,0.000005,0.383777
387,30,0xEF7A3469D028BC15,parallel_methods,17,17,17,41,1,37151,1805,46835,0.344778,0.016631,0.012668,0.000051,0.432561
388,28,0xE9C8A3604D71FB52,parallel_methods,16,16,16,40,1,3011,93,43584,0.013254,0.001885,0.011753,0.000007,0.016033
389,36,0x2D36780FC5E14B9A,parallel_methods,19,19,19,43,1,39177,80,56223,0.395849,0.001447,0.013403,0.000003,0.493527
390,34,0x6182904D7CB5EAF3,parallel_methods,18,18,18,40,1,4428,265,51297,0.018757,0.004393,0.013075,0.000003,0.021978
391,28,0xF38CD75E9A41B026,parallel_methods,16,16,16,38,1,4873,878,44247,0.021067,0.009162,0.012658,0.000008,0.024155
392,28,0xB6D4CE2097815A3F,parallel_methods,15,15,15,37,1,525,2882,41467,0.003302,0.021345,0.010705,0.000024,0.023173
393,36,0x1DFB95E2A708C364,parallel_methods,19,19,19,39,1,38367,47343,54760,0.450754,0.844809,0.015150,0.000005,1.000992
394,24,0xF49EC730D285BA16,parallel_methods,13,13,13,43,1,159,306,33428,0.001530,0.004209,0.008198,0.000003,0.008940
395,32,0xFBD275E8916AC340,parallel_methods,17,17,17,39,1,2543,3658,49661,0.013231,0.029135,0.014955,0.000024,0.032298
396,40,0x86B01FC34DA9E527,parallel_methods,20,20,20,42,1,24,24,59323,0.001200,0.001213,0.012523,0.000005,0.013538
397,30,0x7C14980356FA2DEB,parallel_methods,16,16,16,36,1,9467,107,44169,0.052081,0.001771,0.011093,0.000006,0.062079
398,34,0x342A6B80E9517CFD,parallel_methods,19,19,19,41,1,111684,2535,55320,1.717695,0.021262,0.014970,0.000003,2.107194
399,30,0xD7930E546A1CF82B,parallel_methods,17,17,17,45,1,36497,1190,45926,0.334852,0.010739,0.011739,0.000003,0.412835
400,30,0x78D32FC65BE4091A,parallel_methods,16,16,16,42,1,3543,17,45305,0.015252,0.001162,0.011305,0.000003,0.018517
401,34,0x8EB9C1372F60A5D4,parallel_methods,18,18,18,42,1,12605,102,51922,0.083283,0.001667,0.012266,0.000003,0.102525
402,42,0x021C647BDA8395EF,parallel_methods,21,21,23,41,1,15648,15018,71089,0.137353,0.187946,0.022185,0.000025,0.216409
403,38,0x31B65C7FAE92084D,parallel_methods,19,19,19,39,1,77,86,55633,0.001155,0.001583,0.011553,0.000003,0.012501
404,30,0xD6E9370A5481BC2F,parallel_methods,17,17,17,39,1,26447,488,47318,0.235707,0.005209,0.011522,0.000004,0.295206
405,32,0x58EDB132F046C9A7,parallel_methods,16,16,16,44,1,4592,2033,43736,0.020189,0.018981,0.011415,0.000002,0.023811
406,36,0x49038C165FBEA7D2,parallel_methods,20,20,20,36,1,670250,15066,59148,10.936615,0.192659,0.016438,0.000015,14.587371
407,34,0x8A1426EDCB90357F,parallel_methods,17,17,17,41,1,430,242,48297,0.002910,0.003151,0.010436,0.000004,0.012808
408,28,0x3F6DBC407AE25189,parallel_methods,17,17,17,39,1,54295,2500,48323,0.664451,0.019335,0.012509,0.000528,0.811289
409,22,0xA6902BE8F7D5314C,parallel_methods,14,14,14,38,1,3534,147,36999,0.013846,0.002224,0.009313,0.000005,0.016216
410,30,0x7D42306AF18CBE59,parallel_methods,16,16,16,42,1,2531,23,43250,0.010908,0.001169,0.010906,0.000004,0.012717
411,24,0x5684FACB701ED329,parallel_methods,14,14,14,40,1,2241,30,36850,0.009429,0.001412,0.009080,0.000003,0.010965
412,28,0xDFA982C463B5E170,parallel_methods,16,16,16,38,1,12641,247,43835,0.080953,0.003012,0.010780,0.000003,0.101990
413,28,0xFDC6491E0B583A27,parallel_methods,16,16,16,44,1,10647,414,44712,0.063436,0.006731,0.013756,0.000003,0.081579
414,26,0xB61C5E923F4A08D7,parallel_methods,14,14,14,36,1,96,99,37437,0.001475,0.001858,0.008411,0.000004,0.009125
415,38,0x2713FD9E85A6C40B,parallel_methods,20,20,20,42,1,89309,48170,59367,1.616224,0.909314,0.015927,0.000004,1.972375
416,32,0xA20B9C86E43DF175,parallel_methods,20,20,20,36,1,3231778,144040,58374,57.383028,2.618217,0.015620,0.000276,100.866596
417,38,0x8501CE2DAB697F34,parallel_methods,20,20,20,42,1,60914,40006,59983,1.209560,1.023834,0.037096,0.000005,1.493639
418,36,0x2743019BF68DCEA5,parallel_methods,19,19,19,41,1,50055,1543,55729,0.954630,0.022161,0.026000,0.000007,1.180197
419,26,0xF264AD08597EB13C,parallel_methods,16,16,16,38,1,42896,2639,43653,0.665278,0.039060,0.022344,0.000006,0.799326
420,30,0x5031DB89F7E6A4C2,parallel_methods,16,16,16,36,1,359,3784,43539,0.003931,0.045155,0.017947,0.000004,0.052171
421,26,0x69B81EDAFC432570,parallel_methods,15,15,15,35,1,7670,162,40215,0.047468,0.003806,0.017112,0.000008,0.058454
422,36,0xC085DB426371A9EF,parallel_methods,19,19,19,41,1,4923,66074,55816,0.031331,1.478884,0.023836,0.000024,1.810320
423,28,0xC054B6A127FE9D38,parallel_methods,14,14,14,34,1,439,343,36670,0.006438,0.007335,0.018496,0.000074,0.020002
424,34,0x2DA0E75861BC439F,parallel_methods,17,17,17,41,1,2086,2315,47524,0.025729,0.037299,0.025016,0.000004,0.041018
425,36,0xA138594DFB2E670C,parallel_methods,19,19,19,37,1,8210,19192,54332,0.105587,0.429979,0.030432,0.000006,0.512336
426,32,0x5789B3F1C62AD04E,parallel_methods,16,16,16,42,1,650,567,45198,0.009740,0.010941,0.021505,0.000005,0.022980
427,32,0xA9F1D85CEB024736,parallel_methods,19,19,19,43,1,595676,17507,54470,11.882547,0.317175,0.026671,0.000004,15.773693
428,32,0xD1E07286C43FAB95,parallel_methods,16,16,16,44,1,131,128,44089,0.002060,0.002763,0.012037,0.000006,0.013930
429,38,0x2A39EB4681057CFD,parallel_methods,20,20,20,38,1,88530,274,58594,1.576210,0.004331,0.021788,0.000006,2.031517
430,36,0xED3B17AC9280654F,parallel_methods,18,18,18,42,1,184,160,50826,0.003474,0.003847,0.021979,0.000006,0.024038
431,34,0x03F7B64CD9125EA8,parallel_methods,17,17,17,43,1,649,649,49498,0.006567,0.010240,0.018865,0.000005,0.020095
432,40,0xB637E52DC10A849F,parallel_methods,21,21,21,45,1,131173,1706,62914,2.546671,0.021217,0.021058,0.000005,3.247153
433,36,0x1D62AC9384EF075B,parallel_methods,19,19,19,31,1,66361,149,56227,1.115464,0.003955,0.023073,0.000005,1.405566
434,34,0xA35C618F27B904DE,parallel_methods,17,17,17,43,1,325,325,47357,0.003482,0.005525,0.016681,0.000005,0.017888
435,32,0x713D48CBEAF59062,parallel_methods,17,17,17,41,1,4545,2486,47587,0.027661,0.032417,0.014024,0.000114,0.035034
436,28,0xE6DB40953AC278F1,parallel_methods,15,15,15,35,1,92,52,41070,0.001445,0.001530,0.009900,0.000006,0.010690
437,26,0xB7D21E903A648FC5,parallel_methods,15,15,15,43,1,2994,88,40669,0.023797,0.001840,0.016493,0.000005,0.027192
438,32,0xA072C895D4BE31F6,parallel_methods,17,17,17,35,1,2486,1249,47458,0.020986,0.015522,0.019836,0.000008,0.023409
439,30,0x2BDC0174F96E3A85,parallel_methods,16,16,16,40,1,2033,216,44687,0.012276,0.003864,0.014356,0.000006,0.015162
440,34,0x40562A19C83FEBD7,parallel_methods,18,18,18,42,1,10291,39399,52488,0.096106,0.799044,0.014304,0.000003,0.944221
441,30,0xD679E2F304CBA518,parallel_methods,17,17,17,45,1,23599,999,47685,0.286791,0.014804,0.019715,0.000006,0.342862
442,32,0xA753EB42D0C6F189,parallel_methods,17,17,17,39,1,2229,362,45820,0.018829,0.006989,0.019470,0.000003,0.021474
443,32,0x7F42018EA659DBC3,parallel_methods,17,17,17,43,1,5997,1708,48718,0.042777,0.023317,0.021603,0.000003,0.059616
444,22,0xA6EC98BFD3247510,parallel_methods,12,12,12,34,1,62,224,29893,0.001501,0.004240,0.008853,0.000007,0.009461
445,32,0xE98543A6D70CF1B2,parallel_methods,17,17,17,43,1,1228,3394,47808,0.014374,0.051913,0.022857,0.000185,0.057970
446,30,0x42EA308D5BC679F1,parallel_methods,18,18,18,34,1,137699,2551,51674,2.315728,0.034208,0.022482,0.000006,2.939448
447,36,0xA8E235410F967DBC,parallel_methods,20,20,20,42,1,396234,6541,59466,8.981587,0.083901,0.027722,0.000008,11.293285
448,26,0x5B1AF3C924D0E678,parallel_methods,15,15,15,47,1,1635,1626,39854,0.012687,0.020764,0.016077,0.000004,0.023658
449,32,0x0BD13C7AE429F685,parallel_methods,17,17,17,41,1,6939,1166,48057,0.047316,0.012907,0.019843,0.000015,0.057218
450,38,0x25EF3786B4A90DC1,parallel_methods,20,20,20,34,1,48826,644,59989,0.712865,0.009464,0.024287,0.000005,0.881240
451,34,0xF621958ECDB370A4,parallel_methods,18,18,18,40,1,13133,250,52136,0.091012,0.004140,0.018062,0.000031,0.120309
452,38,0xCB024F5A813ED697,parallel_methods,20,20,20,46,1,89690,21,58042,1.588931,0.001114,0.021578,0.000003,1.966094
453,38,0x5C6E0137B94DA82F,parallel_methods,20,20,20,48,1,94779,81,57846,1.561113,0.002505,0.023925,0.000008,1.920262
454,28,0x1FEC40B6D25A3789,parallel_methods,15,15,15,41,1,1107,55,40955,0.008904,0.002096,0.017246,0.000008,0.018468
455,30,0xA571863C9DF4BE02,parallel_methods,16,16,16,36,1,1295,3365,42818,0.010508,0.029419,0.014545,0.000006,0.032060
456,32,0xCF210EDB58A67493,parallel_methods,17,17,17,45,1,4144,24,48159,0.022446,0.001205,0.016557,0.000002,0.025247
457,30,0xCED523067AB1489F,parallel_methods,16,16,16,42,1,510,745,44610,0.003829,0.007945,0.014689,0.000009,0.015563
458,34,0xCFA954820617EDB3,parallel_methods,19,19,19,37,1,183878,4637,56450,3.497899,0.049588,0.021878,0.000056,4.284023
459,32,0x1F30AD6C4E7825B9,parallel_methods,17,17,17,37,1,3240,189,46955,0.020741,0.003063,0.014907,0.000006,0.024460
460,32,0x9FEAC6274D1835B0,parallel_methods,18,18,18,38,1,32498,600,51792,0.350965,0.007877,0.014235,0.000004,0.437465
461,32,0xA9F0BDC21473E586,parallel_methods,16,16,16,38,1,349,145,44457,0.003748,0.002852,0.010806,0.000195,0.011579
462,30,0x391D5EC4F067B82A,parallel_methods,17,17,17,41,1,29487,1458,46309,0.336638,0.015104,0.013102,0.000006,0.418850
463,24,0x86EC5BF930D72A41,parallel_methods,15,15,15,33,1,20789,143,40052,0.173588,0.002852,0.010771,0.000003,0.212894
464,36,0x23BD567FA8904E1C,parallel_methods,20,20,20,40,1,480417,12524,57644,9.459282,0.149590,0.017041,0.000005,12.108279
465,32,0x6F57A843CD129E0B,parallel_methods,16,16,16,36,1,17,17,44558,0.000978,0.000971,0.009739,0.000012,0.011276
466,32,0x16E90A2C3DB587F4,parallel_methods,17,17,17,35,1,3663,677,49017,0.026205,0.010351,0.018756,0.000660,0.029741
467,30,0xE906327A5C148BFD,parallel_methods,17,17,17,49,1,42782,1426,47249,0.547880,0.019103,0.012846,0.000006,0.664001
468,36,0xC6B29D4578AFE103,parallel_methods,18,18,18,32,1,143,143,51415,0.002387,0.002873,0.012601,0.000003,0.013672
469,26,0x2B75389D4CE61AF0,parallel_methods,15,15,15,31,1,4534,161,40593,0.025015,0.003261,0.016014,0.000006,0.028661
470,36,0x61F47032E5BDC8A9,parallel_methods,18,18,18,52,1,613,613,50143,0.004561,0.006676,0.016323,0.000003,0.017898
471,36,0xC071EA63529BFD48,parallel_methods,19,19,19,39,1,7968,10688,55565,0.054043,0.136621,0.020077,0.000006,0.150593
472,32,0x523910DCB4A6F7E8,parallel_methods,17,17,17,49,1,4549,1939,47295,0.027767,0.024903,0.017963,0.000005,0.031616
473,36,0xE9B87023D5A614CF,parallel_methods,19,19,19,45,1,38606,466,55356,0.384644,0.006246,0.020934,0.000007,0.484473
474,36,0x256EDA73148BCF90,parallel_methods,18,18,20,30,1,9976,9853,59428,0.094573,0.141072,0.021957,0.000007,0.154620
475,32,0xE71AFC4682DB5309,parallel_methods,16,16,16,40,1,17,17,44331,0.001052,0.001152,0.009691,0.000004,0.010550
476,30,0xBA73E6F1C5D89042,parallel_methods,17,17,17,41,1,8673,202,47480,0.040117,0.003118,0.017005,0.000003,0.046639
477,28,0x6B9F1A8CE243D507,parallel_methods,15,15,15,39,1,858,28,39948,0.009051,0.001251,0.014486,0.000065,0.015477
478,30,0x82D41EA675BFC309,parallel_methods,17,17,17,39,1,16862,371,48250,0.110121,0.005875,0.015681,0.000005,0.141616
479,32,0x71B0A94CFDE38256,parallel_methods,18,18,18,40,1,57065,2219,51052,0.765788,0.024671,0.019656,0.000003,0.924730
480,38,0xA86BC9EDF0234517,parallel_methods,21,21,21,35,1,2920060,93698,61906,60.369698,2.139880,0.019251,0.000004,93.408039
481,26,0x67BEF92C8D153A40,parallel_methods,14,14,14,38,1,331,273,37295,0.005899,0.004549,0.010581,0.000007,0.015207
482,32,0x4C0F5A12E9D367B8,parallel_methods,18,18,18,44,1,128007,5814,50589,2.106542,0.075976,0.019327,0.000004,2.671510
483,38,0x83EA14795FC20D6B,parallel_methods,21,21,21,41,1,1126587,22258,62766,23.113007,0.432403,0.025422,0.000007,31.445910
484,32,0xC2DB6915783E0A4F,parallel_methods,16,16,16,36,1,2034,1329,45516,0.011870,0.017749,0.016895,0.000005,0.020490
485,34,0xBF459D2081ACE637,parallel_methods,17,17,17,39,1,24,24,48490,0.001307,0.001216,0.010176,0.000005,0.010917
486,30,0xA2C15F39BE0D7864,parallel_methods,16,16,16,40,1,2171,1107,43763,0.013169,0.011135,0.013435,0.000204,0.014937
487,32,0x3DB0F2AE9146C785,parallel_methods,18,18,18,48,1,64552,2557,50100,0.818083,0.028538,0.013828,0.000006,1.002542
488,24,0xF5D13208946C7ABE,parallel_methods,13,13,13,49,1,205,124,33076,0.003483,0.003747,0.010690,0.000003,0.011580
489,26,0xF5946B2C3D781E0A,parallel_methods,15,15,15,35,1,1000,265,40929,0.008500,0.003883,0.012418,0.000006,0.013162
490,24,0xF95783D426ACBE10,parallel_methods,13,13,13,37,1,183,745,34239,0.002437,0.006912,0.008196,0.000014,0.008858
491,28,0x1F742C965DBE8A30,parallel_methods,17,17,17,37,1,146408,7965,47796,2.110596,0.085359,0.014904,0.000005,2.593486
492,36,0x9CE2104B37AD85F6,parallel_methods,19,19,19,43,1,34800,7406,55415,0.594963,0.103622,0.023775,0.000213,0.750811
493,36,0x5702A96E1F843DCB,parallel_methods,19,19,19,41,1,13034,2023,56211,0.197455,0.033576,0.027761,0.000005,0.247441
494,34,0x10E27B9643CDA85F,parallel_methods,18,18,18,38,1,16152,2087,51747,0.259400,0.033985,0.027473,0.000006,0.318533
495,30,0xBAE67C8F3409D125,parallel_methods,15,15,15,39,1,16,16,40222,0.001168,0.001294,0.015672,0.000005,0.016961
496,36,0xDB2F4783A6E0C159,parallel_methods,19,19,19,43,1,37532,298,55632,0.606602,0.006001,0.026586,0.000005,0.756338
497,36,0x60485FE1A92D73BC,parallel_methods,18,18,18,50,1,10217,6343,52758,0.126685,0.088800,0.023845,0.000004,0.155735
498,30,0xEC29D704AF53B681,parallel_methods,17,17,17,43,1,14030,272,47885,0.161434,0.005170,0.019442,0.000007,0.202615
499,32,0x608CE2D19BA457F3,parallel_methods,17,17,17,39,1,5361,89,48872,0.038996,0.002143,0.019237,0.000007,0.046477
500,24,0x34D850C1FEB6729A,parallel_methods,13,13,13,45,1,171,24,33054,0.003090,0.001416,0.013142,0.000003,0.014246
501,32,0x6397CFEBD045A821,parallel_methods,18,18,18,34,1,73022,2127,51245,1.021983,0.030892,0.022569,0.000004,1.339698
502,36,0x01D39FEA78B24C56,parallel_methods,19,19,19,41,1,47109,20,54406,0.891002,0.001172,0.022781,0.000004,1.071909
503,30,0xBD9C0F42781AE536,parallel_methods,17,17,17,45,1,48558,2269,46848,0.817531,0.029594,0.020485,0.000004,0.975908
504,30,0x145D20A8B37ECF96,parallel_methods,17,17,17,41,1,23172,534,48593,0.219471,0.007807,0.019672,0.000003,0.267935
505,34,0xA36ED0CB27F14589,parallel_methods,19,19,19,45,1,109028,2151,53624,1.736299,0.026823,0.021696,0.000005,2.121127
506,34,0xF5E34C6128D9BA70,parallel_methods,18,18,18,40,1,8131,129,52695,0.046496,0.002391,0.017964,0.000003,0.054450
507,28,0x2F01BCA8ED697354,parallel_methods,16,16,16,40,1,16966,656,43892,0.103473,0.008440,0.016610,0.000003,0.136784
508,26,0xF8E179A032D456CB,parallel_methods,14,14,14,40,1,359,188,36685,0.003733,0.004225,0.010355,0.000003,0.011218
509,24,0x74F6B58AE9D132C0,parallel_methods,13,13,13,37,1,136,20,33907,0.001679,0.001249,0.007605,0.000007,0.009001
510,30,0x1AD780962B4F3EC5,parallel_methods,17,17,17,41,1,16797,668,47832,0.103677,0.009245,0.014062,0.000007,0.133287
511,36,0x94072FEC51BD8A63,parallel_methods,20,20,20,44,1,555658,12314,58760,10.624137,0.204157,0.022442,0.000007,13.818879
512,32,0x69F8DEC52BA04317,parallel_methods,18,18,18,32,1,107579,4231,50929,1.806298,0.046411,0.019728,0.000004,2.296908
513,34,0xD8B174A29FE5036C,parallel_methods,17,17,17,35,1,913,395,47966,0.009189,0.006423,0.019531,0.000005,0.021198
514,30,0x721BAE4D350F968C,parallel_methods,17,17,17,45,1,19384,180,47156,0.192500,0.003021,0.018968,0.000007,0.242214
515,36,0x07BFE64A2C135D89,parallel_methods,18,18,18,44,1,1402,912,52837,0.015444,0.012028,0.020146,0.000003,0.021330
516,34,0xBA3F4E512689C70D,parallel_methods,18,18,18,38,1,19175,6899,52042,0.252421,0.080459,0.019245,0.000020,0.315632
517,36,0x56E32C7840AF91DB,parallel_methods,19,19,19,41,1,16489,1332,56544,0.184471,0.020441,0.025267,0.000005,0.231787
518,30,0xAFE09B31D26C8547,parallel_methods,16,16,16,42,1,973,8846,43566,0.011208,0.119078,0.019865,0.000005,0.134634
519,24,0xBD89F641C75E2A30,parallel_methods,14,14,14,42,1,2739,149,36656,0.016798,0.003731,0.013933,0.000004,0.019176
520,34,0x1AEC47BFD3082569,parallel_methods,17,17,17,41,1,67,67,48453,0.001465,0.001637,0.011795,0.000003,0.012714
521,28,0xCF90582D741A6EB3,parallel_methods,15,15,15,39,1,307,738,41114,0.003180,0.008380,0.012501,0.000040,0.013313
522,36,0x87936E2D5C104BAF,parallel_methods,18,18,18,44,1,1830,2224,52784,0.015999,0.026750,0.019765,0.000006,0.030311
523,40,0xA3125F7DE96B48C0,parallel_methods,20,20,22,38,1,29701,22942,65250,0.426762,0.421274,0.025163,0.000004,0.523097
524,38,0xA47E5D6B892031FC,parallel_methods,20,20,20,36,1,67029,58,58460,0.953747,0.002432,0.021453,0.000009,1.190246
525,24,0xFE19A3DB6472C805,parallel_methods,13,13,13,41,1,171,216,33227,0.002811,0.003662,0.011029,0.000006,0.012082
526,32,0x54D3EB9F80A712C6,parallel_methods,16,16,16,36,1,1705,1694,45586,0.016309,0.023972,0.017946,0.000004,0.026195
527,32,0xEC9A74F61DB20835,parallel_methods,18,18,18,42,1,59328,1844,50463,0.792446,0.020847,0.020428,0.000017,0.973832
528,34,0x18702AB5F94DC3E6,parallel_methods,17,17,17,39,1,1858,1089,48729,0.011120,0.014683,0.016031,0.000006,0.017259
529,30,0xCF93B02E6A18547D,parallel_methods,16,16,16,46,1,2017,191,44556,0.016669,0.004030,0.015715,0.000006,0.018578
530,34,0x456E27A9C03DFB81,parallel_methods,18,18,18,36,1,15331,6327,49939,0.144507,0.084485,0.021067,0.000006,0.173148
531,30,0x2FCE3B71A48D0596,parallel_methods,17,17,17,39,1,16078,213,47294,0.111422,0.004347,0.015872,0.000003,0.160547
532,32,0x62A9D30BEFC75184,parallel_methods,18,18,18,38,1,15590,349,50789,0.129520,0.005672,0.020262,0.000007,0.163196
533,36,0x2BA0C965F1DE8374,parallel_methods,18,18,18,36,1,1114,471,52883,0.010947,0.008481,0.020410,0.000012,0.022037
534,36,0x73D4026EF5AB81C9,parallel_methods,18,18,20,44,1,5849,5299,59762,0.040082,0.058270,0.022340,0.000007,0.066025
535,38,0x4BD378E6920A15CF,parallel_methods,20,20,20,38,1,78246,992,59509,1.127474,0.011419,0.019390,0.000003,1.449043
536,32,0xFA560BE748329C1D,parallel_methods,18,18,18,40,1,106006,3935,52645,1.857757,0.049002,0.021788,0.000021,2.252913
537,28,0xF38D21BA7C65094E,parallel_methods,15,15,15,39,1,1199,5205,40570,0.011257,0.061682,0.017272,0.000006,0.071944
538,32,0x9D85EA3B10C74F62,parallel_methods,18,18,18,34,1,68067,1563,50746,1.003328,0.021723,0.021603,0.000006,1.229935
539,32,0x95B8C40A1FD376E2,parallel_methods,18,18,18,34,1,39974,271,50150,0.528312,0.004691,0.016853,0.000005,0.646138
540,26,0xB6FA1C4027D8E395,parallel_methods,15,15,15,43,1,4204,105,39949,0.027584,0.002386,0.015935,0.000007,0.031674
541,30,0xC87B3A250E4D1F96,parallel_methods,17,17,17,37,1,14565,379,47417,0.141769,0.007263,0.018066,0.000009,0.178250
542,24,0xA0DE9B78364F152C,parallel_methods,13,13,13,35,1,111,170,33309,0.002166,0.003765,0.010828,0.000007,0.011726
543,34,0x682EAD05937F14BC,parallel_methods,18,18,18,40,1,7628,2862,51373,0.048725,0.033101,0.015463,0.000003,0.055774
544,26,0xB2937AF8C64D510E,parallel_methods,15,15,15,33,1,4098,185,39617,0.021278,0.003426,0.014261,0.000003,0.027150
545,32,0xB34ACF5E2D609781,parallel_methods,19,19,19,39,1,689779,25406,53728,12.957094,0.471534,0.023463,0.000008,17.084205
546,26,0x1A3DB28C7F05694E,parallel_methods,15,15,15,39,1,2771,113,40011,0.016686,0.001850,0.014751,0.000006,0.019549
547,40,0x53CB701649E2AD8F,parallel_methods,21,21,21,43,1,685348,1419,62968,13.720103,0.020429,0.023466,0.000003,18.233870
548,38,0xAB824037DF9156CE,parallel_methods,21,21,21,39,1,859749,13735,62149,18.975221,0.211183,0.025624,0.000004,24.810667
549,26,0x921CF5A8BED76043,parallel_methods,14,14,14,38,1,513,15,37260,0.004531,0.000750,0.009823,0.000005,0.010536
550,30,0x64B35D1872F9EAC0,parallel_methods,15,15,15,41,1,128,113,41779,0.001380,0.002133,0.009457,0.000067,0.010620
551,26,0x7FB942E8DC6A3051,parallel_methods,15,15,15,39,1,3056,90,41119,0.017912,0.002194,0.014757,0.000006,0.020726
552,30,0x4D8A1E6CB2F05793,parallel_methods,15,15,15,39,1,176,65,40648,0.002652,0.002001,0.009406,0.000004,0.010398
553,30,0x5A108DFBE326749C,parallel_methods,17,17,17,43,1,28133,759,47050,0.265911,0.011468,0.016995,0.000003,0.410194
554,40,0x8309B52C1D6A47FE,parallel_methods,21,21,21,39,1,143118,8086,62827,2.415142,0.109791,0.024278,0.000006,2.984742
555,38,0x68A314C72EBD5F09,parallel_methods,19,19,19,37,1,2145,1811,56148,0.014869,0.021497,0.019939,0.000009,0.024115
556,30,0x16B73EFC9524AD08,parallel_methods,17,17,17,39,1,12372,159,47846,0.075243,0.002897,0.016785,0.000005,0.092994
557,28,0xE6DA4B3570982C1F,parallel_methods,17,17,17,33,1,197605,12178,48382,3.490886,0.177329,0.019301,0.000003,4.291163
558,36,0xB549162A3D708CEF,parallel_methods,20,20,20,42,1,421185,7198,59601,8.537918,0.088185,0.022161,0.000003,10.840958
559,30,0x9D48327A0CE61B5F,parallel_methods,18,18,18,44,1,103354,2169,52113,1.576631,0.023813,0.017727,0.000710,1.930491
560,36,0x2914A36D87BC0E5F,parallel_methods,18,18,18,38,1,437,417,51413,0.005387,0.006351,0.015329,0.000004,0.016448
561,28,0xC8ADE210B946F753,parallel_methods,16,16,16,46,1,5132,101,42839,0.024880,0.002442,0.016243,0.000006,0.028466
562,34,0x60352D91BC48F7EA,parallel_methods,17,17,17,43,1,28,28,47896,0.001106,0.001475,0.010287,0.000007,0.011058
563,30,0x187DA0942BC53E6F,parallel_methods,16,16,16,40,1,1183,4833,44730,0.007905,0.035598,0.011533,0.000002,0.038909
564,28,0x57C9D3842F10BEA6,parallel_methods,16,16,16,40,1,4781,7057,43877,0.029915,0.063461,0.016700,0.000004,0.069927
565,34,0x075123C9ED48FBA6,parallel_methods,17,17,17,41,1,634,442,47071,0.007271,0.007334,0.015151,0.000004,0.016857
566,38,0x95FA64C7E18D032B,parallel_methods,19,19,19,39,1,16634,14111,55239,0.192104,0.210301,0.020768,0.000003,0.247351
567,32,0xA76C1DF4E8930B52,parallel_methods,17,17,17,41,1,1725,24771,47467,0.009204,0.287369,0.017543,0.000004,0.340714
568,32,0x80A1934B625CFED7,parallel_methods,17,17,17,39,1,1139,1182,48570,0.009525,0.014121,0.017213,0.000003,0.018425
569,32,0xBE5719D6A483CF02,parallel_methods,17,17,17,37,1,2516,32763,47868,0.018164,0.395340,0.019051,0.000053,0.473801
570,38,0x8D0742F1C59A3E6B,parallel_methods,20,20,20,44,1,188693,26349,58771,3.653024,0.475708,0.020269,0.000008,4.507925
571,32,0xDF78453E6C1209BA,parallel_methods,18,18,18,46,1,124293,1621,50283,1.952979,0.013926,0.013388,0.000004,2.349697
572,34,0xA9406218CFE3D75B,parallel_methods,18,18,18,38,1,1483,4897,52349,0.007933,0.039198,0.012799,0.000003,0.043369
573,28,0x94C0FD1E7A6328B5,parallel_methods,14,14,14,46,1,15,15,36460,0.000873,0.000924,0.007775,0.000006,0.008419
574,32,0x8F3B795D1EC2A460,parallel_methods,17,17,17,33,1,1225,4262,48497,0.005964,0.033857,0.011953,0.000004,0.037785
575,30,0x064FA9B2573EC8D1,parallel_methods,17,17,17,37,1,15850,362,47503,0.102302,0.005186,0.012651,0.000005,0.130885
576,36,0xF164CD83A092EB75,parallel_methods,19,19,19,35,1,8484,13083,55547,0.045370,0.132429,0.015372,0.000050,0.157624
577,40,0x4C2605AEB9D183F7,parallel_methods,21,21,21,43,1,205964,525,62045,3.923620,0.006143,0.015693,0.000004,4.878691
578,40,0x476B0192CDAF53E8,parallel_methods,20,20,22,42,1,5856,5838,65205,0.041718,0.063606,0.019800,0.000006,0.069339
579,28,0xE54DAF83169B27C0,parallel_methods,15,15,15,35,1,1139,716,39748,0.007658,0.010977,0.011819,0.000004,0.012831
580,28,0x7EB86A5D02419CF3,parallel_methods,16,16,16,28,1,20854,640,43903,0.193508,0.009128,0.018363,0.000005,0.234981
581,26,0xE9C76A3B2D54F180,parallel_methods,14,14,14,32,1,743,274,36946,0.006867,0.004862,0.012281,0.000007,0.013385
582,32,0x0C19AD524F673E8B,parallel_methods,17,17,17,37,1,2704,854,47682,0.014492,0.011987,0.015185,0.000007,0.016613
583,34,0x53429D180AFCE76B,parallel_methods,18,18,18,40,1,11558,19,51654,0.069106,0.001359,0.017207,0.000004,0.087361
584,34,0x94DF6C7E10835B2A,parallel_methods,19,19,19,37,1,53157,1135,53894,0.742448,0.015747,0.019280,0.000005,0.906306
585,32,0xAE869D074BCF5132,parallel_methods,17,17,17,35,1,1060,3941,47701,0.011193,0.035460,0.018072,0.000012,0.038816
586,36,0x1C0BA32F98574ED6,parallel_methods,19,19,19,43,1,14742,83101,55467,0.125810,1.705576,0.018006,0.000005,2.043108
587,30,0x1DF08E394672C5BA,parallel_methods,17,17,17,45,1,19884,383,47477,0.143367,0.006258,0.017317,0.000324,0.183083
588,28,0xDC6F72A594E3B810,parallel_methods,15,15,15,41,1,2167,2348,39860,0.017246,0.025840,0.017465,0.000007,0.028925
589,36,0x08C46923AD71FE5B,parallel_methods,19,19,19,35,1,13558,34332,56319,0.142053,0.542933,0.022188,0.000003,0.630102
590,26,0x9A54B2E7F1D8306C,parallel_methods,15,15,15,39,1,2228,15926,40201,0.014335,0.138345,0.014378,0.000006,0.161134
591,34,0x73C1F462A5D8E09B,parallel_methods,19,19,19,45,1,222285,6381,54562,4.131538,0.072914,0.018148,0.000005,5.153005
592,26,0x6AD47853FE0B291C,parallel_methods,15,15,15,35,1,5864,219,40839,0.039841,0.004521,0.015561,0.000003,0.048705
593,26,0xEBA79804D35F621C,parallel_methods,15,15,15,39,1,1740,234,41485,0.018202,0.003939,0.017344,0.000101,0.020630
594,40,0x19A735E284FDC0B6,parallel_methods,20,20,20,40,1,863,565,59255,0.009633,0.009202,0.020547,0.000007,0.021920
595,26,0xAFD91C584273EB06,parallel_methods,16,16,16,40,1,43483,2227,44120,0.604076,0.027402,0.016195,0.000004,0.757223
596,36,0xA91E6B83C5420D7F,parallel_methods,19,19,19,39,1,36031,4361,54943,0.417599,0.059210,0.023853,0.000008,0.511518
597,34,0x15D4E367FC8029BA,parallel_methods,17,17,17,43,1,20,20,48963,0.001168,0.001276,0.010700,0.000005,0.011654
598,38,0x032BF5AD97E614C8,parallel_methods,19,19,19,39,1,20,20,57082,0.001095,0.001169,0.011860,0.000005,0.012714
599,36,0x130B5FC6278DEA94,parallel_methods,19,19,19,43,1,27052,31547,55736,0.343989,0.520903,0.019285,0.000006,0.650436
600,26,0x8E5D302AC6F7941B,parallel_methods,16,16,16,42,1,54595,3841,44136,0.661787,0.043822,0.016271,0.000004,0.809533
601,32,0x6A039B824E1F5CD7,parallel_methods,17,17,17,39,1,246,855,49241,0.002615,0.010304,0.014895,0.000004,0.015852
602,40,0x10462CF5ABE89D37,parallel_methods,20,20,20,40,1,2179,1701,59119,0.013971,0.018655,0.017223,0.000004,0.020289
603,26,0xFB6D59083AE427C1,parallel_methods,16,16,16,38,1,39492,2484,44482,0.356092,0.025263,0.017210,0.000003,0.452198
604,32,0x5602DAB17FE849C3,parallel_methods,18,18,18,40,1,74603,2447,51032,1.010533,0.027493,0.021099,0.000006,1.229520
605,34,0x45B6A2ED189370FC,parallel_methods,19,19,19,33,1,172442,2492,54764,2.554543,0.024869,0.020255,0.000004,3.244975
606,36,0x63BA0D45CEF29817,parallel_methods,19,19,19,43,1,39173,184,55952,0.803713,0.004648,0.019912,0.000003,0.973748
607,34,0x0912BCA734D8EF56,parallel_methods,17,17,17,33,1,617,617,48568,0.007238,0.010590,0.021658,0.000007,0.023327
608,38,0x82376E0F9B1C4D5A,parallel_methods,20,20,20,46,1,77367,3740,58112,1.342289,0.038882,0.021694,0.000046,1.694548
609,34,0xE83A042B6FD5C917,parallel_methods,18,18,18,40,1,9355,8444,52096,0.084099,0.141638,0.024248,0.000004,0.166184
610,34,0x209A638B751FDCE4,parallel_methods,18,18,18,44,1,8501,2580,51826,0.080164,0.036683,0.021816,0.000022,0.100755
611,40,0x8341752D6ACBE9F0,parallel_methods,20,20,22,36,1,337,106,65329,0.003495,0.001725,0.016078,0.000004,0.017118
612,34,0x1302F6ACB7D8E549,parallel_methods,18,18,18,44,1,6752,59,50941,0.055750,0.001447,0.020002,0.000008,0.065710
613,40,0x892E6715A3CFD40B,parallel_methods,20,20,20,38,1,1210,1192,59067,0.012041,0.018261,0.026602,0.000007,0.028444
614,26,0xB69DCA80453271FE,parallel_methods,14,14,14,36,1,251,15,36907,0.002721,0.001147,0.013692,0.000003,0.014738
615,32,0x894FE7165ABD203C,parallel_methods,18,18,18,42,1,75621,1060,51740,1.314008,0.014826,0.019435,0.000003,1.622743
616,22,0xF65CD819074BEA32,parallel_methods,14,14,14,44,1,8285,274,37026,0.057593,0.004506,0.012139,0.000004,0.069004
617,34,0x8BA1F923DEC40765,parallel_methods,19,19,21,39,1,85264,9152,60631,1.256464,0.117844,0.027727,0.000004,1.615178
618,26,0xDF0178BC9E6A3245,parallel_methods,15,15,15,39,1,6845,327,40696,0.057415,0.006922,0.018889,0.000004,0.072015
619,28,0xF96BE85D1234A7C0,parallel_methods,16,16,16,32,1,25077,1050,44125,0.399806,0.016008,0.020279,0.000078,0.487144
620,26,0xCE713B2D6495F0A8,parallel_methods,15,15,15,37,1,4603,761,40706,0.032334,0.011193,0.016067,0.000006,0.037478
621,34,0x67E3F08295CAD1B4,parallel_methods,20,20,20,44,1,1811092,60397,58567,41.491665,1.322211,0.027267,0.000004,56.842417
622,32,0x287E1C69A430BFD5,parallel_methods,18,18,18,42,1,54605,963,50217,0.757698,0.010929,0.018337,0.000004,1.199368
623,40,0x35AB29CF80ED4176,parallel_methods,21,21,21,43,1,359682,16495,62460,6.909666,0.273260,0.027105,0.000006,9.121495
624,34,0x1C04ED73F2A59B68,parallel_methods,17,17,17,39,1,1240,677,47817,0.013043,0.009217,0.021976,0.000006,0.024448
625,28,0x6A1FE78043CD9B52,parallel_methods,17,17,17,43,1,84053,3155,46486,1.219781,0.037985,0.019904,0.000008,1.521901
626,32,0x82B394CD5A7E1F06,parallel_methods,16,16,16,36,1,17,17,44351,0.001074,0.001196,0.009416,0.000003,0.010411
627,36,0x8260E15AB49F3DC7,parallel_methods,19,19,19,49,1,25305,3430,56597,0.278154,0.047144,0.026962,0.000005,0.361920
628,24,0xBADE7F296C130458,parallel_methods,14,14,14,44,1,2529,53,36578,0.013335,0.001911,0.016435,0.000005,0.017916
629,36,0x3B51FE7280A6D94C,parallel_methods,19,19,19,41,1,21963,20,54863,0.234066,0.001463,0.022639,0.000005,0.337539
630,32,0x02F4AE36751BC89D,parallel_methods,17,17,17,41,1,2182,84,47938,0.013114,0.001656,0.015496,0.000007,0.016386
631,28,0x2BD817C634F0EA95,parallel_methods,16,16,16,42,1,9966,309,45282,0.068183,0.004990,0.018802,0.000002,0.079183
632,30,0x97B4582D3C1AE6F0,parallel_methods,15,15,15,35,1,17,17,40691,0.001456,0.001034,0.011720,0.000004,0.012748
633,32,0xF4B16E0A8D9523C7,parallel_methods,17,17,17,39,1,572,5503,47744,0.004420,0.045280,0.014300,0.000008,0.049656
634,28,0xF867019EA45B32DC,parallel_methods,15,15,15,47,1,521,6179,41582,0.004583,0.055669,0.015090,0.000021,0.061042
635,40,0x31EB856A907FDC24,parallel_methods,21,21,21,39,1,345033,432,62429,6.219708,0.006985,0.024834,0.000009,7.986478
636,36,0x80BE1C34AF972D65,parallel_methods,19,19,21,39,1,15840,12691,62349,0.174903,0.188319,0.021984,0.000005,0.222284
637,40,0x41B35D9E86A2C7F0,parallel_methods,22,22,22,34,1,6369579,185884,67747,131.352842,4.977555,0.024177,0.000003,278.844582
638,38,0xC04B5628A1ED793F,parallel_methods,19,19,19,33,1,25678,26142,56255,0.413833,0.535861,0.037028,0.000007,0.618000
639,28,0x3A49CB6EF25018D7,parallel_methods,15,15,15,37,1,1384,34,40509,0.010358,0.001297,0.014341,0.000006,0.015225
640,36,0x3B790DF6E2A1485C,parallel_methods,18,18,18,42,1,11936,3693,52554,0.114754,0.044590,0.020206,0.000003,0.136627
641,40,0xEB23190F8D4AC657,parallel_methods,21,21,21,47,1,129969,12544,63859,2.197735,0.185142,0.024200,0.000003,2.735747
642,30,0xD4AEF7C019B56328,parallel_methods,16,16,16,46,1,773,9862,43971,0.010210,0.097533,0.020510,0.000005,0.108774
643,34,0x079BA5D3F1C624E8,parallel_methods,17,17,19,35,1,62,62,53932,0.001547,0.002490,0.014337,0.000003,0.015345
644,40,0x5FA74D6308E92B1C,parallel_methods,21,21,21,35,1,295643,1452,62774,5.137502,0.021094,0.022360,0.000003,6.650975
645,30,0x64289B5D70F1CA3E,parallel_methods,16,16,16,40,1,636,404,43921,0.008120,0.007648,0.017502,0.000006,0.018903
646,34,0xB07C1EA325864DF9,parallel_methods,17,17,17,39,1,2756,1795,49278,0.021360,0.022545,0.021037,0.000006,0.026387
647,28,0xBEF03D2814A9567C,parallel_methods,16,16,16,40,1,12370,295,44171,0.073559,0.005907,0.015096,0.000007,0.092607
648,30,0x1837CBD965FE02A4,parallel_methods,17,17,17,31,1,50848,1784,46960,0.611454,0.025190,0.015453,0.000005,0.747460
649,36,0x8B2E49FAC5317D06,parallel_methods,19,19,19,39,1,61156,71,54916,0.781540,0.001701,0.021656,0.000012,1.004805
650,34,0x1D9B07A83F2C54E6,parallel_methods,18,18,18,38,1,2472,1395,51620,0.024826,0.023532,0.021938,0.000027,0.029214
651,22,0x7C5F14D83692AEB0,parallel_methods,14,14,14,40,1,8578,540,36028,0.040024,0.008370,0.014151,0.000004,0.046376
652,30,0xAE524B07D61938FC,parallel_methods,16,16,16,40,1,4557,1854,44905,0.024848,0.020953,0.019115,0.000003,0.028452
653,32,0xA8429503E7DC16FB,parallel_methods,16,16,16,34,1,569,273,44089,0.004092,0.004850,0.017263,0.000005,0.018889
654,32,0x984F051BE3AC76D2,parallel_methods,17,17,17,43,1,4869,3942,47761,0.035439,0.054622,0.025441,0.000006,0.059486
655,32,0x987E305DB421A6CF,parallel_methods,17,17,17,53,1,3056,1697,46668,0.021929,0.022398,0.023319,0.000005,0.025642
656,34,0x5C803D61EFA7249B,parallel_methods,18,18,18,40,1,7162,1311,51623,0.040498,0.016211,0.018979,0.000004,0.046649
657,30,0x2C8D947F5AB3E610,parallel_methods,16,16,16,36,1,995,85,43807,0.010748,0.002609,0.016085,0.000003,0.017408
658,40,0x8D19B5370C2F64EA,parallel_methods,20,20,20,42,1,11285,5729,59991,0.110171,0.066476,0.025657,0.000006,0.128530
659,30,0x72D83C06EB4195FA,parallel_methods,15,15,15,43,1,16,16,40235,0.001322,0.000964,0.012812,0.000030,0.013831
660,24,0x7ECB85D9F41326A0,parallel_methods,12,12,12,34,1,13,13,30034,0.000882,0.001100,0.007199,0.000003,0.007866
661,30,0x629FAD875C0E14B3,parallel_methods,15,15,15,33,1,814,266,40675,0.009904,0.005122,0.016051,0.000007,0.017099
662,30,0x50EAFCD9432167B8,parallel_methods,18,18,18,42,1,226453,8547,48749,3.711009,0.099732,0.019452,0.000179,4.629661
663,30,0xFAC3D9480BE57126,parallel_methods,17,17,17,39,1,20026,633,47073,0.174879,0.008592,0.019153,0.000003,0.214470
664,34,0x7DB5183649F20AEC,parallel_methods,18,18,18,40,1,8369,49,50844,0.047180,0.001891,0.019196,0.000003,0.054644
665,26,0x16AEF97BDC583042,parallel_methods,16,16,16,38,1,66774,5241,43618,0.761041,0.051955,0.019312,0.000009,0.939242
666,22,0xB6CDA95FE2703184,parallel_methods,12,12,12,36,1,68,33,29455,0.001469,0.001287,0.007323,0.000004,0.008124
667,26,0x9C5E6847DABF3210,parallel_methods,15,15,15,37,1,5346,207,40313,0.027184,0.004273,0.015419,0.000008,0.031464
668,28,0x10DC5496B37EF2A8,parallel_methods,16,16,16,40,1,14918,484,43845,0.087786,0.008780,0.015166,0.000011,0.112605
669,36,0x3A61E02FDC4B5789,parallel_methods,19,19,19,51,1,23511,2232,54830,0.230034,0.030571,0.025266,0.000008,0.282199
670,38,0x167F8542ACED093B,parallel_methods,19,19,19,37,1,10754,12685,55244,0.110086,0.171062,0.024726,0.000081,0.190499
671,34,0xA3EC0267195DBF48,parallel_methods,19,19,19,41,1,91539,2927,56278,1.419922,0.028248,0.024314,0.000004,1.748458
672,34,0x8B503D2F1E4A796C,parallel_methods,19,19,19,39,1,105472,1138,54680,1.625621,0.016264,0.018812,0.000004,2.004954
673,32,0xD3BF87C541E6A092,parallel_methods,18,18,18,36,1,65194,2012,50515,0.799051,0.026240,0.024021,0.000008,1.004965
674,38,0xDA265C831FB049E7,parallel_methods,20,20,20,36,1,152548,29,57995,2.331765,0.001281,0.022070,0.000005,2.961301
675,32,0x65A01C8D7F432BE9,parallel_methods,16,16,16,40,1,1221,1127,44632,0.009434,0.017136,0.016069,0.000007,0.018949
676,34,0xD92FC5A06348E7B1,parallel_methods,17,17,17,41,1,1358,943,48657,0.010637,0.011359,0.016967,0.000176,0.017970
677,30,0xD5B0AF836E92C417,parallel_methods,16,16,16,38,1,564,387,43774,0.006156,0.007223,0.015651,0.000006,0.016794
678,38,0x683BF1A0D9E2C457,parallel_methods,20,20,20,48,1,24795,15077,59689,0.334060,0.242412,0.025698,0.000002,0.393118
679,38,0x7340D156F9B82CEA,parallel_methods,19,19,19,43,1,622,622,55816,0.005030,0.007607,0.017106,0.000007,0.018052
680,38,0x5692401B3DE8C7AF,parallel_methods,19,19,19,43,1,68,40,55925,0.001299,0.001372,0.013422,0.000007,0.014553
681,42,0xC4036571AF2BDE98,parallel_methods,21,21,21,41,1,11344,9018,62432,0.103516,0.142628,0.027321,0.000006,0.160241
682,42,0x1024D98763BACFE5,parallel_methods,22,22,22,34,1,765675,221,66215,17.393573,0.004738,0.027772,0.000005,23.061577
683,30,0xACB4365F92E8071D,parallel_methods,17,17,17,35,1,9879,279,48193,0.062616,0.004349,0.017028,0.000006,0.075931
684,30,0xE675FC0B91A483D2,parallel_methods,17,17,17,41,1,20312,229,48148,0.176082,0.004446,0.018470,0.000003,0.215579
685,34,0x41A2B5F06CE873D9,parallel_methods,18,18,18,44,1,3502,29507,52300,0.024567,0.371931,0.021429,0.000007,0.440345
686,32,0x9A152E0CD3FB6487,parallel_methods,18,18,18,46,1,62871,1050,50680,0.775806,0.015769,0.019687,0.000007,0.956044
687,26,0xB948EC70AFD52613,parallel_methods,15,15,15,39,1,2145,45,40301,0.014097,0.001376,0.016317,0.000007,0.017471
688,36,0x5DFA764E293B01C8,parallel_methods,20,20,20,38,1,165659,2320,58086,2.594475,0.030294,0.024902,0.000012,3.285921
689,30,0x0A73CB981ED645F2,parallel_methods,16,16,16,26,1,2276,54,44569,0.020444,0.002072,0.019135,0.000007,0.023451
690,36,0x572036ECD18AB9F4,parallel_methods,19,19,19,41,1,29069,16657,54030,0.368004,0.243680,0.023606,0.000007,0.433077
691,30,0x5F378EADC946B021,parallel_methods,16,16,16,36,1,1872,477,44371,0.014848,0.008356,0.018541,0.000003,0.019532
692,26,0xC358E4BA70DF1269,parallel_methods,15,15,15,37,1,6164,215,40163,0.031075,0.004340,0.013828,0.000010,0.035759
693,42,0x71F8452EC9ABD306,parallel_methods,21,21,21,35,1,3018,2630,62621,0.024057,0.033316,0.026564,0.000006,0.036037
694,36,0x0A3F7BE25916C84D,parallel_methods,19,19,19,39,1,15152,4323,55197,0.122433,0.049069,0.020921,0.000028,0.152746
695,40,0x5DA3B7418E290CF6,parallel_methods,21,21,21,35,1,425136,3201,63369,8.541059,0.039250,0.021181,0.000012,11.253457
696,32,0xA1F7CED9658B4302,parallel_methods,17,17,17,35,1,5491,53,48161,0.043835,0.002125,0.019641,0.000007,0.050462
697,32,0xA4CD1F85E93B7062,parallel_methods,18,18,18,42,1,63497,1582,50280,0.840146,0.023353,0.025519,0.000006,1.022933
698,38,0x2C8E693705DBA14F,parallel_methods,21,21,21,39,1,1517705,29658,62850,32.299867,0.526841,0.024195,0.000003,45.863093
699,30,0xB80AC41E325F967D,parallel_methods,16,16,16,46,1,1223,395,42022,0.008336,0.004762,0.014142,0.000432,0.015807
700,30,0x38EC67B9405FD1A2,parallel_methods,17,17,17,35,1,24038,447,48065,0.259363,0.006115,0.017819,0.000002,0.323242
701,26,0xBE158F0AC432769D,parallel_methods,13,13,13,49,1,258,64,32878,0.002572,0.002092,0.010486,0.000007,0.011303
702,36,0x92F6CD5713A8B4E0,parallel_methods,18,18,18,34,1,2875,2163,52299,0.018967,0.026197,0.021406,0.000006,0.028606
703,26,0x8F36C09D5E741B2A,parallel_methods,15,15,15,43,1,7469,322,39901,0.038449,0.007476,0.018406,0.000006,0.044354
704,44,0x70C32546B18F9DAE,parallel_methods,23,23,23,43,1,4726975,135372,70535,107.663734,3.135858,0.031831,0.000079,197.671973
705,30,0xF0D3E9AC1762485B,parallel_methods,16,16,16,40,1,2453,109,43737,0.020328,0.003281,0.019548,0.000006,0.028166
706,36,0x2C7F564D018E9A3B,parallel_methods,18,18,18,40,1,1639,1442,51725,0.010982,0.019359,0.020344,0.000005,0.023344
707,30,0x6B9F387C0E4AD125,parallel_methods,16,16,16,40,1,1534,343,43779,0.010400,0.007150,0.014365,0.000006,0.015387
708,30,0x6A8B51DE97CF3402,parallel_methods,17,17,17,39,1,23165,701,46787,0.207014,0.007798,0.019322,0.000003,0.255324
709,32,0xB41A30276D5E9CF8,parallel_methods,17,17,17,45,1,9842,10137,47740,0.107791,0.156495,0.022501,0.000042,0.178371
710,30,0x087D2A95F6134BCE,parallel_methods,16,16,16,44,1,1649,359,44148,0.013058,0.006977,0.019792,0.000009,0.021656
711,32,0x34E7F508B9CD1A26,parallel_methods,18,18,18,42,1,85597,3316,50446,1.133783,0.043105,0.022606,0.000005,1.429869
712,26,0xE78DB1C603F45A92,parallel_methods,13,13,13,35,1,234,234,33971,0.003913,0.003947,0.011497,0.000007,0.012930
713,32,0x5637AFEB4291DC08,parallel_methods,18,18,18,38,1,20616,363,51112,0.200736,0.006451,0.021885,0.000010,0.241362
714,32,0xB31F2EC8509AD467,parallel_methods,16,16,16,42,1,182,28,44301,0.003050,0.001583,0.011480,0.000006,0.012493
715,34,0xD9E041237AB8F65C,parallel_methods,17,17,17,45,1,18,18,47067,0.001014,0.000997,0.011260,0.000007,0.012063
716,32,0x53DFB9A42701C86E,parallel_methods,17,17,17,37,1,1858,5485,47516,0.014365,0.047212,0.017606,0.000002,0.051442
717,32,0x7E6F34C51B8A209D,parallel_methods,17,17,17,43,1,1176,1972,47956,0.013635,0.025053,0.020616,0.000003,0.027498
718,32,0x024596D173FE8BAC,parallel_methods,18,18,18,42,1,53282,1053,50727,0.683527,0.013524,0.022207,0.000007,0.832751
719,30,0x9B613ECADF207485,parallel_methods,18,18,18,42,1,217551,4435,51391,3.634734,0.046846,0.020917,0.000006,4.576010
720,34,0x298F5ACE4B0316D7,parallel_methods,18,18,18,40,1,7345,23024,51650,0.043977,0.291933,0.020688,0.000006,0.342128
721,32,0xBF1A0E6C843D7925,parallel_methods,18,18,18,44,1,47987,772,51300,0.626743,0.013755,0.022850,0.000008,0.769631
722,30,0x69D83E5C402B7FA1,parallel_methods,16,16,16,40,1,1803,9954,44323,0.014599,0.095147,0.019751,0.000009,0.106021
723,28,0x75D86A2C1930BEF4,parallel_methods,16,16,16,34,1,16125,851,43594,0.103302,0.011357,0.018453,0.000004,0.132986
724,32,0x6D97E0BF352481AC,parallel_methods,19,19,19,41,1,250980,7355,55286,4.255052,0.096498,0.023218,0.000007,5.388906
725,28,0x92CF8A5DE637410B,parallel_methods,15,15,15,35,1,113,390,40958,0.001273,0.006960,0.014684,0.000135,0.016130
726,26,0x4CBE3F56D7A01298,parallel_methods,13,13,13,41,1,14,14,33548,0.001005,0.001119,0.008082,0.000006,0.008738
727,28,0x8A35BE0C4196F2D7,parallel_methods,14,14,14,42,1,47,47,36765,0.001092,0.001351,0.008885,0.000002,0.009701
728,34,0x26439CA7BF5810ED,parallel_methods,18,18,18,36,1,26720,2042,52043,0.265836,0.025799,0.017930,0.000002,0.340286
729,34,0xB302FDCA617584E9,parallel_methods,18,18,18,42,1,3697,323,50336,0.025983,0.005893,0.023447,0.000007,0.028940
730,42,0x2A37014FC8BED596,parallel_methods,22,22,22,50,1,584834,858,66946,11.612986,0.012322,0.029379,0.000004,15.488824
731,24,0xF4173A98C6DBE520,parallel_methods,13,13,13,37,1,132,920,34613,0.002972,0.011145,0.013419,0.000004,0.015358
732,34,0xBEF749653C81AD02,parallel_methods,18,18,18,38,1,6227,1908,52510,0.050783,0.024354,0.020942,0.000003,0.061098
733,30,0x5BD2A083946EFC71,parallel_methods,17,17,17,37,1,29081,489,47489,0.317664,0.007208,0.017120,0.000006,0.383000
734,40,0x803F65421EA79BDC,parallel_methods,21,21,21,43,1,505661,27,63294,9.795017,0.001981,0.022866,0.000005,12.886839
735,32,0xD42B69EC7018AF35,parallel_methods,17,17,17,37,1,5856,203,48451,0.029271,0.003244,0.013643,0.000032,0.036963
736,36,0x15B468A3E0F79DC2,parallel_methods,19,19,19,33,1,39327,2946,55646,0.399088,0.024774,0.016363,0.000005,0.507146
737,34,0x46853E209DBAFC71,parallel_methods,17,17,17,39,1,366,174,48246,0.003650,0.002846,0.012089,0.000004,0.013331
738,30,0x3E9BA758D621C04F,parallel_methods,15,15,15,35,1,81,81,40708,0.001442,0.001562,0.009670,0.000004,0.010471
739,36,0x5904EF76CB2813DA,parallel_methods,18,18,18,40,1,115,99,51275,0.001546,0.001735,0.011530,0.000005,0.012405
740,32,0x05F682EC9A14BD37,parallel_methods,18,18,18,38,1,53796,1208,52337,0.767260,0.013180,0.016935,0.000003,0.971100
741,40,0x93670C2DB8AF541E,parallel_methods,20,20,20,42,1,76,76,59475,0.001533,0.001616,0.017791,0.000004,0.019164
742,32,0x597E08DF42631BCA,parallel_methods,18,18,18,42,1,19473,272,50678,0.197897,0.005236,0.017802,0.000010,0.237426
743,26,0xE549C8F0721D6B3A,parallel_methods,14,14,14,46,1,220,739,36596,0.002402,0.007901,0.010552,0.000003,0.011291
744,30,0xD6E935FB07A8241C,parallel_methods,16,16,16,38,1,522,4251,44633,0.003256,0.032520,0.011060,0.000007,0.035796
745,30,0x8D1A347BF6905E2C,parallel_methods,16,16,16,42,1,1705,1391,43548,0.010884,0.013713,0.015199,0.000004,0.016286
746,32,0x52F4B637CD90E18A,parallel_methods,18,18,18,42,1,90298,2031,51400,1.410114,0.018072,0.015684,0.000003,1.721181
747,34,0xB87329D640EFAC51,parallel_methods,20,20,20,38,1,2745069,81743,58758,57.837174,1.406722,0.018847,0.000004,85.899708
748,38,0x3D248751AC6BE0F9,parallel_methods,20,20,20,38,1,45836,7264,59505,0.662816,0.114115,0.029360,0.000004,0.809349
749,36,0x318406AF972CDE5B,parallel_methods,19,19,19,45,1,30619,1395,55253,0.314914,0.013688,0.021068,0.000004,0.388788
750,30,0x785F926E340DCBA1,parallel_methods,15,15,15,45,1,1195,537,40851,0.008598,0.008593,0.014691,0.000004,0.015632
751,38,0x01D93CF7482AEB56,parallel_methods,21,21,21,41,1,1831271,47646,63139,45.479476,1.057225,0.022418,0.000005,63.272712
752,30,0x098CA2E375B6F4D1,parallel_methods,17,17,17,37,1,7737,171,49028,0.044567,0.003754,0.017935,0.000003,0.056174
753,28,0xBF237E8C9015A6D4,parallel_methods,16,16,16,38,1,9585,216,43358,0.061751,0.004797,0.024175,0.000005,0.070696
754,30,0xBDF713C2E86450A9,parallel_methods,18,18,18,44,1,125203,3762,51606,1.883179,0.042895,0.022385,0.000068,2.343849
755,34,0x4C275ED639F81BA0,parallel_methods,17,17,17,37,1,19,19,49938,0.000977,0.001208,0.011959,0.000005,0.013299
756,30,0x061A498C7ED253BF,parallel_methods,15,15,15,39,1,570,564,40134,0.004167,0.007876,0.014026,0.000002,0.015077
757,30,0x5B89264CDE7A031F,parallel_methods,16,16,16,34,1,2183,897,43047,0.013215,0.013298,0.017204,0.000006,0.018213
758,30,0xB80CD6241735EF9A,parallel_methods,17,17,17,43,1,31635,458,47797,0.301428,0.008708,0.020290,0.000009,0.374094
759,24,0xFB4ED1C86705932A,parallel_methods,16,16,16,44,1,119240,9019,43789,1.767961,0.112940,0.015836,0.000008,2.291523
760,34,0x743CB9268D51E0AF,parallel_methods,18,18,18,40,1,9384,6904,52725,0.106878,0.097052,0.029819,0.000006,0.129638
761,38,0xD50AE126B937F48C,parallel_methods,21,21,21,49,1,682242,6812,62120,13.856711,0.094652,0.029875,0.000004,18.335251
762,32,0x457A1086DF3CBE29,parallel_methods,17,17,17,39,1,10199,1764,47589,0.069570,0.020783,0.018857,0.000006,0.084662
763,30,0x934BA0CEF216578D,parallel_methods,18,18,18,50,1,175067,3892,51001,3.020131,0.038413,0.021850,0.000003,3.960005
764,28,0x0A6E72C8315DF4B9,parallel_methods,17,17,17,45,1,54832,2071,47704,0.917927,0.023900,0.021536,0.000004,1.101448
765,38,0x837AC40F1D2E9B56,parallel_methods,20,20,20,46,1,42457,15558,60124,0.776322,0.253660,0.025826,0.000004,0.986303
766,26,0xA28E3F1CB57D6904,parallel_methods,15,15,15,41,1,1542,52,40340,0.011131,0.001616,0.016978,0.000005,0.018163
767,34,0xE14FB0C5D23968A7,parallel_methods,17,17,17,41,1,7536,5252,48261,0.067511,0.066997,0.021865,0.000006,0.084376
768,34,0x720F6C351BEDA894,parallel_methods,18,18,18,44,1,2318,8529,51528,0.020865,0.127087,0.024634,0.000080,0.148554
769,36,0x018FB4CD2563E79A,parallel_methods,19,19,19,41,1,46169,106,55056,0.851456,0.003013,0.025873,0.000006,1.048224
770,36,0xB1F782C50D3AE496,parallel_methods,20,20,20,40,1,425892,6452,59156,8.844903,0.090394,0.029958,0.000005,11.327602
771,32,0xB3EDFC61A2049587,parallel_methods,16,16,16,50,1,238,238,44506,0.004317,0.004827,0.015852,0.000011,0.017303
772,36,0xA81F0752D9BC346E,parallel_methods,20,20,20,42,1,512731,12744,58409,9.943006,0.201608,0.024598,0.000284,13.010105
773,28,0xA705B39CDE2864F1,parallel_methods,16,16,16,38,1,14609,621,43702,0.096113,0.009015,0.015276,0.000004,0.129215
774,26,0xF26CA9EB14D35078,parallel_methods,15,15,15,39,1,8741,655,38764,0.046886,0.010514,0.018936,0.000004,0.056128
775,40,0x1B630DE794FA285C,parallel_methods,21,21,21,39,1,706022,17002,63626,14.117842,0.279463,0.025868,0.000004,18.918518
776,32,0x8B7AE5D960F21C43,parallel_methods,16,16,16,36,1,303,201,44345,0.003300,0.004106,0.011956,0.000006,0.014058
777,30,0xC8425FBE173D6A09,parallel_methods,16,16,16,38,1,1287,63,43519,0.008644,0.001950,0.014051,0.000005,0.015151
778,28,0xBE7FA65D1824C309,parallel_methods,17,17,17,37,1,54325,2551,48047,0.658944,0.026749,0.019240,0.000004,0.811235
779,32,0x2C64FBEA8D710935,parallel_methods,16,16,16,36,1,31,31,44774,0.001124,0.001690,0.012918,0.000004,0.014110
780,22,0x3EFD90B1A6745C28,parallel_methods,13,13,13,43,1,1573,105,32914,0.015951,0.002660,0.015175,0.000005,0.017903
781,38,0x4613D9B0E5A28CF7,parallel_methods,19,19,19,43,1,4601,3698,56366,0.031216,0.037012,0.022423,0.000004,0.041060
782,26,0xF20B95EC764DA831,parallel_methods,13,13,13,41,1,14,14,34655,0.001230,0.001166,0.011497,0.000006,0.012650
783,26,0x3BFC96AE085274D1,parallel_methods,15,15,15,33,1,2784,107,40664,0.017365,0.001682,0.016766,0.000003,0.019826
784,32,0x1C03A2EB95F876D4,parallel_methods,18,18,18,38,1,92852,1051,51289,1.457191,0.015032,0.019851,0.000007,1.781220
785,30,0x4CB09F56D82E7A31,parallel_methods,18,18,18,38,1,245682,6755,50500,4.071516,0.080724,0.019876,0.000004,5.167516
786,32,0x2CE48B617FA9035D,parallel_methods,17,17,17,33,1,5139,2849,47460,0.034826,0.039311,0.019394,0.000009,0.044514
787,42,0x05A3F2618B97ECD4,parallel_methods,21,21,21,41,1,762,1162,63861,0.007272,0.017083,0.023434,0.000039,0.024804
788,30,0x08C964FAB5D23E17,parallel_methods,16,16,16,38,1,2286,2126,44377,0.018215,0.025422,0.017993,0.000048,0.028691
789,30,0xAD286C30EF791B54,parallel_methods,17,17,17,39,1,7936,1185,48238,0.041698,0.014057,0.018074,0.000007,0.048652
790,34,0xFB79C1320E8A64D5,parallel_methods,19,19,19,47,1,114349,2395,55118,1.765203,0.033031,0.024561,0.000003,2.206266
791,26,0x67EFADB8035C2941,parallel_methods,15,15,15,31,1,4766,217,40229,0.033583,0.004953,0.017874,0.000004,0.037902
792,34,0x107B9D5C2864F3AE,parallel_methods,18,18,20,38,1,36505,17785,57573,0.448031,0.279867,0.022577,0.000003,0.532000
793,26,0x5AC9DEF1028736B4,parallel_methods,15,15,15,37,1,5485,209,39855,0.033357,0.004105,0.016497,0.000004,0.039062
794,36,0xC8FB274EA93D5106,parallel_methods,18,18,18,42,1,19,19,51488,0.001530,0.001735,0.018549,0.000008,0.020446
795,40,0x130BEF74D68AC925,parallel_methods,21,21,21,39,1,374142,1144,62904,8.201236,0.017282,0.026176,0.000006,11.041910
796,34,0x17A4CF523EB9D806,parallel_methods,19,19,19,35,1,253463,5761,55201,4.597987,0.077237,0.028073,0.000877,5.782805
797,32,0x9FB7804CED5A2163,parallel_methods,18,18,18,44,1,53325,1600,50478,0.657035,0.021179,0.021145,0.000006,0.808013
798,26,0x07CE8259BF1DA634,parallel_methods,15,15,15,41,1,1510,1635,40537,0.015221,0.022080,0.018348,0.000007,0.024423
799,34,0x31E50BDAC8269F74,parallel_methods,18,18,18,36,1,10929,63,52227,0.070934,0.001985,0.022514,0.000004,0.087090
800,36,0x5F71ED046328C9BA,parallel_methods,20,20,20,48,1,368696,6325,58289,6.318019,0.080098,0.021763,0.000007,8.343653
801,34,0x372C0B51ED968A4F,parallel_methods,18,18,18,44,1,19232,88,50815,0.196661,0.002658,0.023345,0.000005,0.236078
802,28,0x6F4DCBEA17893502,parallel_methods,16,16,16,36,1,16306,426,43294,0.111338,0.006194,0.019152,0.000005,0.138938
803,28,0x30EC4789F215ABD6,parallel_methods,14,14,14,44,1,107,107,37088,0.001721,0.002523,0.012020,0.000003,0.014261
804,32,0xEAB176839245C0DF,parallel_methods,17,17,17,37,1,2095,1227,47273,0.014980,0.014880,0.020033,0.000005,0.025307
805,28,0x5FC097A2E138B6D4,parallel_methods,16,16,16,38,1,9397,253,43016,0.063492,0.005038,0.019592,0.000007,0.073589
806,36,0xAB374680F91CD52E,parallel_methods,19,19,19,41,1,24535,1104,54667,0.273526,0.016744,0.024141,0.000003,0.334308
807,34,0x5748A96F01BC2ED3,parallel_methods,18,18,18,40,1,13802,258,51384,0.090912,0.003564,0.018956,0.000004,0.113540
808,40,0xA531C67B908EFD42,parallel_methods,21,21,21,39,1,317177,3330,63180,5.643688,0.043702,0.026715,0.000004,7.355615
809,36,0xEF20C351D89B467A,parallel_methods,18,18,18,46,1,19,19,51179,0.001106,0.001695,0.016226,0.000004,0.018255
